Primary Satellite,TLE-1,TLE-2
TDRS 3,1*19548U*88091B***24190.32723880*-.00000304**00000+0**00000+0*0**9998,2*19548**13.1456*345.7746*0033426*341.4323**28.1649**1.00263988118268
FLTSATCOM 8 (USA 46),1*20253U*89077A***24189.86102475*-.00000373**00000+0**00000+0*0**9992,2*20253**12.6271*355.4267*0004950*106.8574*259.4875**1.00282079253496
SKYNET 4C,1*20776U*90079A***24190.10882866**.00000120**00000+0**00000+0*0**9993,2*20776**13.5731*354.6342*0002738*173.8995*190.5803**1.00271599123830
TDRS 5,1*21639U*91054B***24190.31993666*-.00000307**00000+0**00000+0*0**9998,2*21639**14.1597*358.9539*0002937*207.3422*133.3222**1.00277803120606
TDRS 6,1*22314U*93003B***24189.90419377*-.00000303**00000+0**00000+0*0**9996,2*22314**14.1631***2.2594*0011951*156.3947**47.3404**1.00269045115268
UFO 2 (USA 95),1*22787U*93056A***24190.12805072**.00000119**00000+0**00000+0*0**9999,2*22787**11.6612***7.2670*0002933*104.4640*249.6019**1.00271359111555
USA 99 (MILSTAR-1 1),1*22988U*94009A***24189.60865897*-.00000209**00000+0**00000+0*0**9994,2*22988**16.5407**35.2387*0001751**84.9846*294.9335**1.00270961*24530
UFO 4 (USA 108),1*23467U*95003A***24189.79876654*-.00000028**00000+0**00000+0*0**9994,2*23467***9.6678**15.4099*0004951*108.4463*262.2759**1.00275883107839
TDRS 7,1*23613U*95035B***24190.42556390*-.00000207**00000+0**00000+0*0**9995,2*23613**13.6722*353.0803*0027907**72.6326**99.2286**1.00270132106044
USA 115 (MILSTAR-1 2),1*23712U*95060A***24189.59752287*-.00000028**00000+0**00000+0*0**9993,2*23712**13.8083***8.8830*0000861**74.9779*297.2594**1.00272502*24536
INMARSAT 3-F1,1*23839U*96020A***24190.10351035*-.00000127**00000+0**00000+0*0**9995,2*23839***9.1089**52.7352*0006917**74.5502*101.6820**0.99979303103465
INMARSAT 3-F2,1*24307U*96053A***24189.49076998*-.00000270**00000+0**00000+0*0**9993,2*24307***8.2331**60.7717*0008452**45.3684*145.4217**1.00003936101820
INMARSAT 3-F3,1*24674U*96070A***24190.20100203**.00000128**00000+0**00000+0*0**9998,2*24674***8.7693**56.0466*0005272**67.2681*271.3877**0.99991140100818
GALAXY 25 (G-25),1*24812U*97026A***24188.84555388**.00000079**00000+0**00000+0*0**9994,2*24812***5.5893**75.9045*0011016***2.2829*208.2527**0.99091166*99185
INTELSAT 5 (IS-5),1*24916U*97046A***24190.57112557*-.00000070**00000+0**00000+0*0**9993,2*24916***8.8470**55.2938*0003420**97.0576*146.3972**1.00272057*98504
AMC-3,1*24936U*97050A***24190.26924461*-.00000267**00000+0**00000+0*0**9999,2*24936***6.3986**71.9629*0002679**32.9845*206.6693**1.00271766*98343
USA 134,1*25019U*97065A***24189.59917630*-.00000072**00000+0**00000+0*0**9996,2*25019**11.9332**26.7142*0001603**43.9916*318.9519**1.00273318*24492
INMARSAT 3-F5,1*25153U*98006B***24190.46942829*-.00000297**00000+0**00000+0*0**9996,2*25153***8.0929**59.9073*0004382**47.3968*294.5777**1.00274913*96781
ASTRA 2A,1*25462U*98050A***24189.84744922**.00000062**00000+0**00000+0*0**9991,2*25462***5.2992**77.2397*0003137**24.1659*187.1476**1.00270425*94620
SKYNET 4E,1*25639U*99009B***24190.26516454*-.00000041**00000+0**00000+0*0**9995,2*25639**11.6445**12.9619*0002359*103.6922*264.2796**1.00273397*92917
ABS-6,1*25924U*99053A***24190.15398346*-.00000121**00000+0**00000+0*0**9996,2*25924***0.0370*281.0212*0003925*188.0042**31.9978**1.00275958*90724
UFO 10 (USA 146),1*25967U*99063A***24190.33254718*-.00000193**00000+0**00000+0*0**9997,2*25967***9.4746**30.5514*0002629*119.1644*234.0105**1.00274417*90239
GALAXY 11 (G-11),1*26038U*99071A***24189.87237039*-.00000062**00000+0**00000+0*0**9995,2*26038***4.9055**79.0057*0000665*161.6447*166.0013**1.00270816*89962
USA 148,1*26052U*00001A***24189.38344108**.00000030**00000+0**00000+0*0**9992,2*26052**10.7426**37.5953*0000281*236.2621*330.4435**1.00274908*25844
ASIASTAR,1*26107U*00016A***24189.67497436*-.00000342**00000+0**00000+0*0**9991,2*26107***7.4541**65.3620*0003907**39.1208*169.6305**1.00273218*89037
USA 149 (DSP 20),1*26356U*00024A***24189.31525061**.00000086**00000+0**00000+0*0**9997,2*26356**12.6318**16.6672*0000896*333.5414*243.8958**1.00260570*25792
TDRS 8,1*26388U*00034A***24189.50511219**.00000087**00000+0**00000+0*0**9995,2*26388**11.5659**37.1228*0001182*189.7822**73.4671**1.00280716*88063
INTELSAT 9 (IS-9),1*26451U*00043A***24189.83897097**.00000092**00000+0**00000+0*0**9999,2*26451***8.8310**55.4941*0002565**79.5106*107.6780**1.00387476*87734
NSS-11,1*26554U*00059A***24189.79954976**.00000021**00000+0**00000+0*0**9997,2*26554***0.2863**88.5759*0002707**13.3215*288.1709**1.00270868*87064
USA 153,1*26575U*00065A***24189.93435537*-.00000333**00000+0**00000+0*0**9997,2*26575**10.3899**40.8590*0000949**23.9867*332.2064**1.00268073*24508
AMC-6,1*26580U*00067A***24190.48954530**.00000102**00000+0**00000+0*0**9999,2*26580***0.0140**36.6697*0002719**90.8351*196.6340**1.00271840*86871
INTELSAT 1R (IS-1R),1*26608U*00072A***24190.53114551*-.00000145**00000+0**00000+0*0**9991,2*26608***6.3172**72.4925*0000499*121.2053**81.5648**1.00271294*86549
ANIK F1,1*26624U*00076A***24190.50558422*-.00000067**00000+0**00000+0*0**9992,2*26624***3.3580**83.4879*0009480**23.9725*252.3143**1.00271742*86625
USA 157 (MILSTAR-2 2),1*26715U*01009A***24189.60293567**.00000005**00000+0**00000+0*0**9996,2*26715**10.7682**23.7452*0002049**93.4445*261.6379**1.00273833*25833
INTELSAT 10 (IS-10),1*26766U*01019A***24190.09979657*-.00000316**00000+0**00000+0*0**9995,2*26766***7.3732**66.4490*0003190**52.1829*308.1526**1.00117633*84829
INTELSAT 901 (IS-901),1*26824U*01024A***24189.83070383*-.00000206**00000+0**00000+0*0**9992,2*26824***0.0183**30.9720*0000607**65.8647*101.0017**1.00267742*84478
USA 159 (DSP 21),1*26880U*01033A***24189.39698391*-.00000306**00000+0**00000+0*0**9991,2*26880**12.1128**21.1678*0001372*264.3571**94.0880**1.00268075*25844
INTELSAT 902 (IS-902),1*26900U*01039A***24190.47021149*-.00000287**00000+0**00000+0*0**9990,2*26900***4.3143**80.4004*0004893**44.9373*280.7365**1.00269712*83666
USA 164 (MILSTAR-2 3),1*27168U*02001A***24190.26873247**.00000079**00000+0**00000+0*0**9996,2*27168**10.3375**25.7467*0099129***0.4556**13.3801**1.00274778*24543
INTELSAT 904 (IS-904),1*27380U*02007A***24190.14840822*-.00000220**00000+0**00000+0*0**9997,2*27380***5.1326**77.6088*0002683**27.3563*205.5366**1.00272627*81979
DIRECTV 5 (TEMPO 1),1*27426U*02023A***24190.17201102*-.00000061**00000+0**00000+0*0**9994,2*27426***3.0547**84.1955*0003021**29.8932*124.3228**1.00271759*81196
INTELSAT 905 (IS-905),1*27438U*02027A***24190.47525882*-.00000190**00000+0**00000+0*0**9991,2*27438***4.9591**78.2618*0002327**21.9708*333.2524**1.00271779*80865
GALAXY 3C (G-3C),1*27445U*02030A***24190.51311958*-.00000155**00000+0**00000+0*0**9996,2*27445***1.9007**86.5692*0003474**34.9552*255.2751**1.00271396*80849
INTELSAT 906 (IS-906),1*27513U*02041A***24190.34977766**.00000009**00000+0**00000+0*0**9997,2*27513***3.9898**81.6473*0003460**14.5172**20.6642**1.00271335*79861
TDRS 10,1*27566U*02055A***24189.53533904**.00000078**00000+0**00000+0*0**9997,2*27566***9.6004**45.2644*0005345*352.3370*269.8982**1.00272080*79114
NIMIQ 2,1*27632U*02062A***24189.49126339*-.00000075**00000+0**00000+0*0**9992,2*27632***7.7782**64.0345*0005023**46.1860*243.3379**1.00272078*37064
USA 167,1*27691U*03008A***24189.49148306**.00000042**00000+0**00000+0*0**9999,2*27691***9.5372**49.3484*0000462*170.0686*113.5718**1.00272091*25831
USA 169 (MILSTAR-2 4),1*27711U*03012A***24189.88938344*-.00000204**00000+0**00000+0*0**9990,2*27711**11.2618**35.2275*0098666***3.1168***0.2629**1.00270650*24531
ASIASAT 4,1*27718U*03014A***24189.79389328*-.00000227**00000+0**00000+0*0**9996,2*27718***2.8797**84.7162*0002567**24.0586*250.7993**1.00270429*77816
HELLAS-SAT 2,1*27811U*03020A***24189.40481595*-.00000090**00000+0**00000+0*0**9992,2*27811***5.5724**76.2749*0004535**41.2621*304.0083**1.00272016*35726
THURAYA-2,1*27825U*03026A***24190.13118353**.00000120**00000+0**00000+0*0**9997,2*27825***7.7496**34.1722*0002691**51.8358*291.8007**1.00272881*77231
OPTUS C1,1*27831U*03028B***24189.56983547*-.00000158**00000+0**00000+0*0**9998,2*27831***5.0975**77.9384*0005447**26.2315*182.6707**1.00273056*77207
GALAXY 23 (G-23),1*27854U*03034A***24189.74056605**.00000008**00000+0**00000+0*0**9999,2*27854***1.3582**88.8126*0002717**18.6743*324.3977**1.00271237*81430
USA 170,1*27875U*03040A***24190.27029889**.00000121**00000+0**00000+0*0**9999,2*27875***8.9814**54.2542*0001402**24.5589*329.3501**1.00276481*24517
GALAXY 13 (HORIZONS-1),1*27954U*03044A***24190.53104613**.00000130**00000+0**00000+0*0**9999,2*27954***0.0180**57.4509*0003452*113.6146*157.0711**1.00272753*76040
YAMAL 202,1*28089U*03053A***24189.86859572*-.00000086**00000+0**00000+0*0**9995,2*28089***4.5408**79.5081*0004462**40.2518*282.7096**1.00271478*75563
UFO 11 (USA 174),1*28117U*03057A***24190.13727512*-.00000108**00000+0**00000+0*0**9996,2*28117***8.0983**36.6849*0003653**77.5291*297.1519**1.00271587*75314
USA 176 (DSP 22),1*28158U*04004A***24189.61993888*-.00000228**00000+0**00000+0*0**9999,2*28158**11.0889**30.8972*0000375*316.3194*249.3411**1.00275293*24496
ABS-4 (MOBISAT-1),1*28184U*04007A***24190.20604934**.00000035**00000+0**00000+0*0**9994,2*28184***4.2350**80.5978*0004464**36.8812*304.2916**1.00271981*74478
EUTELSAT 7A,1*28187U*04008A***24190.53104613**.00000099**00000+0**00000+0*0**9993,2*28187***4.0207**80.3882*0002615**33.8564*224.6648**1.00272757*74478
AMC-11,1*28252U*04017A***24190.50504617*-.00000052**00000+0**00000+0*0**9991,2*28252***0.0295*321.2731*0000977*140.2586*256.1137**1.00272900*73595
INTELSAT 10-02,1*28358U*04022A***24190.33681128*-.00000014**00000+0**00000+0*0**9996,2*28358***0.0398*256.3230*0000969*189.5009*321.2096**1.00267973*73520
ANIK F2,1*28378U*04027A***24189.59935035*-.00000054**00000+0**00000+0*0**9992,2*28378***1.4528**88.3538*0002459***9.8002*292.5561**1.00272246*73244
AMC-15,1*28446U*04041A***24189.67215225*-.00000092**00000+0**00000+0*0**9997,2*28446***0.0483*293.6627*0002251*154.3891*334.9804**1.00271453*72235
NSS-10,1*28526U*05003A***24190.47273515*-.00000256**00000+0**00000+0*0**9993,2*28526***4.6687**78.9569*0002676**27.0073*313.6572**1.00272321*71216
XTAR-EUR,1*28542U*05005A***24189.36219852**.00000145**00000+0**00000+0*0**9999,2*28542***2.5006**85.6026*0002609**16.0384*343.5136**1.00271390*71075
XM-3 (RHYTHM),1*28626U*05008A***24190.46324968*-.00000207**00000+0**00000+0*0**9993,2*28626***0.0157*217.4800*0004619***8.5356*142.4855**1.00271196*70966
INMARSAT 4-F1,1*28628U*05009A***24190.43371400**.00000029**00000+0**00000+0*0**9997,2*28628***4.3014**41.1376*0001566**86.2016*133.7612**1.00271671*70558
DIRECTV 8,1*28659U*05019A***24189.74091414*-.00000002**00000+0**00000+0*0**9990,2*28659***0.0183**33.4712*0002766**81.2413*319.1430**1.00272065*70072
GALAXY 28 (G-28),1*28702U*05022A***24190.18174285*-.00000189**00000+0**00000+0*0**9997,2*28702***1.4638**87.7486*0001550*140.7796**34.4980**1.00270032*69714
THAICOM 4,1*28786U*05028A***24190.50386331*-.00000364**00000+0**00000+0*0**9993,2*28786***0.0182**34.7532*0001895**77.5689*115.4771**1.00271754*69214
GALAXY 14 (G-14),1*28790U*05030A***24190.12892095**.00000150**00000+0**00000+0*0**9990,2*28790***3.1838**83.5987*0001276**22.8651*259.3915**1.00272948*69193
ANIK F1R,1*28868U*05036A***24189.67171713*-.00000079**00000+0**00000+0*0**9998,2*28868***2.4842**85.4113*0003445**19.5817*315.6176**1.00271800*69040
SYRACUSE 3A,1*28885U*05041B***24190.13153162**.00000127**00000+0**00000+0*0**9997,2*28885***2.8264**84.6767*0002508**15.8578*279.5642**1.00270314*68638
INMARSAT 4-F2,1*28899U*05044A***24189.50683569*-.00000266**00000+0**00000+0*0**9998,2*28899***4.2108**42.5342*0001634**73.8585*135.5013**1.00271915*68405
SPACEWAY 2,1*28903U*05046B***24190.53104613**.00000099**00000+0**00000+0*0**9992,2*28903***3.6571**80.0332*0000459*197.7092**61.4843**1.00271716*68392
METEOSAT-9 (MSG-2),1*28912U*05049B***24190.20300354**.00000119**00000+0**00000+0*0**9992,2*28912***7.7337**60.6961*0001791*358.3928*346.2838**1.00274034*67968
EUTELSAT 174A,1*28924U*05052A***24190.57816722**.00000006**00000+0**00000+0*0**9995,2*28924***2.4141**85.2819*0006187**21.7150*202.1181**1.00271567*67883
ECHOSTAR 10,1*28935U*06003A***24189.67110797*-.00000059**00000+0**00000+0*0**9991,2*28935***0.0183*329.9917*0002097**81.1411***6.3693**1.00272067*67404
SPAINSAT,1*28945U*06007A***24190.28689218*-.00000219**00000+0**00000+0*0**9992,2*28945***0.0249*283.0556*0004022*215.6846*221.2902**1.00270771*67101
EUTELSAT HOTBIRD 13E,1*28946U*06007B***24190.26803628**.00000084**00000+0**00000+0*0**9993,2*28946***0.2683*106.0599*0004605***8.2413*281.6846**1.00274330*67180
JCSAT-5A,1*29045U*06010A***24189.50457310*-.00000331**00000+0**00000+0*0**9992,2*29045***0.0432*257.8770*0000690*293.9900**47.7719**1.00272308*66655
ASTRA 1KR,1*29055U*06012A***24190.48387405**.00000118**00000+0**00000+0*0**9993,2*29055***0.0436*284.0995*0002282*241.4486*314.7387**1.00272404*66641
EWS-G1 (GOES 13),1*29155U*06018A***24189.57469050*-.00000293**00000+0**00000+0*0**9990,2*29155***2.6785**85.0643*0078855*255.6102*298.5354**0.99071226*66365
GALAXY 16 (G-16),1*29236U*06023A***24190.51096501*-.00000129**00000+0**00000+0*0**9997,2*29236***0.0411*218.8067*0002518*260.0332*253.0295**1.00271901*66160
EUTELSAT HOTBIRD 13B,1*29270U*06032A***24189.27021161**.00000152**00000+0**00000+0*0**9991,2*29270***0.0475**53.5808*0004624**66.1589*296.3327**1.00274523*40187
JCSAT-3A,1*29272U*06033A***24189.88964894*-.00000348**00000+0**00000+0*0**9998,2*29272***0.0171*353.0065*0001749*104.4734*277.1279**1.00272128*65659
SYRACUSE 3B,1*29273U*06033B***24190.33594106*-.00000047**00000+0**00000+0*0**9992,2*29273***1.0764**89.2771*0003215**15.5809*297.6238**1.00272270*65645
KOREASAT 5 (MUGUNGWHA 5),1*29349U*06034A***24190.50264500*-.00000360**00000+0**00000+0*0**9996,2*29349***0.0321*214.4619*0001425*304.0051**62.4658**1.00272404*65526
DIRECTV 9S,1*29494U*06043A***24190.17383850*-.00000116**00000+0**00000+0*0**9999,2*29494***0.5838**89.3557*0002781**22.5615*136.0679**1.00271535*64994
OPTUS D1,1*29495U*06043B***24189.79476351*-.00000187**00000+0**00000+0*0**9993,2*29495***1.1976**88.5942*0003622**17.3891*258.3731**1.00271527*65031
BADR-4,1*29526U*06051A***24190.48535343**.00000143**00000+0**00000+0*0**9993,2*29526***0.1714**80.1553*0001532***5.9953**41.7436**1.00270553*64786
WILDBLUE-1,1*29643U*06054A***24190.17183698*-.00000052**00000+0**00000+0*0**9994,2*29643***0.9657**90.0067*0001446**21.0868*126.1747**1.00271575*64438
SKYNET 5A,1*30794U*07007B***24190.35560817*-.00000276**00000+0**00000+0*0**9992,2*30794***3.4840**82.2757*0003421**25.7924**41.9375**1.00273357*63549
ANIK F3,1*31102U*07009A***24190.57288707*-.00000003**00000+0**00000+0*0**9995,2*31102***0.0166**47.8803*0002052**53.2917*273.3383**1.00272472*63236
ASTRA 1L,1*31306U*07016A***24190.34081434**.00000117**00000+0**00000+0*0**9997,2*31306***0.0594*320.3695*0000847**84.5584**23.7123**1.00273087*62930
GALAXY 17 (G-17),1*31307U*07016B***24189.83799177*-.00000210**00000+0**00000+0*0**9995,2*31307***1.1684**89.1339*0004583**36.0302**17.7593**1.00270741*62960
ZHONGXING-6B,1*31800U*07031A***24190.50308010*-.00000364**00000+0**00000+0*0**9998,2*31800***0.5687**91.0158*0002515**22.9576*109.3801**1.00270814*62360
DIRECTV 10,1*31862U*07032A***24190.50948475*-.00000105**00000+0**00000+0*0**9995,2*31862***0.0069*271.4382*0000259*342.7721*113.3433**1.00272987*62301
BSAT-3A,1*32019U*07036B***24189.83104987*-.00000353**00000+0**00000+0*0**9995,2*32019***0.0132*205.0410*0002415*333.2875*156.9763**1.00268434*61954
OPTUS D2,1*32252U*07044A***24189.79641694*-.00000113**00000+0**00000+0*0**9993,2*32252***0.2341**91.8790*0003293**15.7486*265.3631**1.00272103*61333
INTELSAT 11 (IS-11),1*32253U*07044B***24189.82757102*-.00000273**00000+0**00000+0*0**9997,2*32253***1.7169**87.5690*0002931**27.8627**65.7466**1.00271254*61411
WGS F1 (USA 195),1*32258U*07046A***24190.47142980*-.00000269**00000+0**00000+0*0**9994,2*32258***0.1078**91.6890*0003163*344.6563*337.7933**1.00273637*61219
SKYNET 5B,1*32294U*07056B***24189.76957859**.00000135**00000+0**00000+0*0**9995,2*32294***3.4382**81.9042*0003501**19.3253*127.1436**1.00269285*61079
ASTRA 4A,1*32299U*07057A***24190.34910749**.00000030**00000+0**00000+0*0**9998,2*32299***0.0114**22.0145*0002723**72.7783*322.4593**1.00271861*60858
HORIZONS-2,1*32388U*07063B***24190.46542524*-.00000256**00000+0**00000+0*0**9990,2*32388***0.7660**89.4694*0001750**19.9204*271.2551**1.00275195*60776
THURAYA-3,1*32404U*08001A***24189.65258203*-.00000307**00000+0**00000+0*0**9996,2*32404***4.8797**32.6414*0001994**66.7419*160.1447**1.00272262*60412
THOR 5,1*32487U*08006A***24190.58713858*-.00000011**00000+0**00000+0*0**9990,2*32487***0.0580*238.5418*0002230*231.1960**27.8936**1.00273293*60074
AMC-14,1*32708U*08011A***24188.73886578**.00000057**00000+0**00000+0*0**9995,2*32708**23.1130**29.0612*0039481***6.1319*173.4751**1.00274076*61032
DIRECTV 11,1*32729U*08013A***24190.52431400*-.00000128**00000+0**00000+0*0**9990,2*32729***0.0482*201.5112*0000280*300.9885*234.0060**1.00274066*59830
ICO G1,1*32763U*08016A***24190.51386455*-.00000176**00000+0**00000+0*0**9992,2*32763***4.9384**35.1558*0002334**62.6708*281.2555**1.00271057*59363
VINASAT-1,1*32767U*08018A***24189.71924550*-.00000332**00000+0**00000+0*0**9996,2*32767***0.0190*333.8923*0001413*147.4374*195.6904**1.00271325*59477
STAR ONE C2,1*32768U*08018B***24190.46725272*-.00000279**00000+0**00000+0*0**9991,2*32768***0.0239***7.7136*0002564*116.3668*266.0002**1.00269183*59442
AMOS-3,1*32794U*08022A***24189.33442351*-.00000039**00000+0**00000+0*0**9997,2*32794***0.0118**27.2359*0001121*117.5020*257.2854**1.00270004*75218
GALAXY 18 (G-18),1*32951U*08024A***24189.74013094**.00000022**00000+0**00000+0*0**9998,2*32951***0.0185**43.4418*0003126**79.1873*306.9808**1.00272145*58972
ZHONGXING-9,1*33051U*08028A***24189.76716354*-.00000251**00000+0**00000+0*0**9990,2*33051***0.0209**90.2133*0004804**36.9692*167.4093**1.00272751*58899
SKYNET 5C,1*33055U*08030A***24190.33350442*-.00000143**00000+0**00000+0*0**9994,2*33055***1.9611**85.1919*0003505**29.8759*273.9521**1.00271766*58790
TURKSAT 3A,1*33056U*08030B***24190.48848625**.00000144**00000+0**00000+0*0**9996,2*33056***0.0142*114.2418*0005154***4.8302**25.7041**1.00275187*58978
INTELSAT 25 (IS-25),1*33153U*08034A***24190.47386646*-.00000227**00000+0**00000+0*0**9990,2*33153***0.8737**89.1148*0003009**31.9369*304.9292**1.00271281*58538
BADR-6,1*33154U*08034B***24190.12752859**.00000142**00000+0**00000+0*0**9991,2*33154***1.0132**86.8449*0008637**14.2472*257.6058**1.00273903*58649
ECHOSTAR 11,1*33207U*08035A***24189.67119500*-.00000060**00000+0**00000+0*0**9999,2*33207***0.0178**18.6852*0002829**70.7663*328.2855**1.00271485*58546
SUPERBIRD-C2,1*33274U*08038A***24189.58065285*-.00000255**00000+0**00000+0*0**9992,2*33274***0.5229**90.7033*0000896*100.7147**87.5613**1.00271912*98611
AMC-21,1*33275U*08038B***24190.49684640**.00000034**00000+0**00000+0*0**9991,2*33275***1.1109**89.7094*0002197**19.2537*231.8918**1.00272187*58369
INMARSAT 4-F3,1*33278U*08039A***24190.17444765*-.00000144**00000+0**00000+0*0**9995,2*33278***3.7219**27.5642*0002628**84.5416*139.3084**1.00272241*58155
NIMIQ 4,1*33373U*08044A***24190.46385883*-.00000222**00000+0**00000+0*0**9991,2*33373***0.0184**51.0556*0002005**48.9455*271.8728**1.00270197*57732
GALAXY 19 (G-19),1*33376U*08045A***24190.51244551*-.00000141**00000+0**00000+0*0**9997,2*33376***0.0582*266.5631*0002544*204.0713*263.7760**1.00273352*57736
ASTRA 1M,1*33436U*08057A***24190.34355035**.00000117**00000+0**00000+0*0**9990,2*33436***0.0158**57.8142*0005384**66.3895*305.4420**1.00272778*57373
EUTELSAT HOTBIRD 13C,1*33459U*08065A***24189.83366260*-.00000104**00000+0**00000+0*0**9995,2*33459***1.1171**87.1492*0004213**20.3469*106.3802**1.00271889*57134
EXPRESS-AM44,1*33595U*09007A***24189.83392367*-.00000093**00000+0**00000+0*0**9997,2*33595***1.6304**87.0909*0004619**15.8131*112.5548**1.00271898*56422
NSS-9,1*33749U*09008A***24190.54216160**.00000070**00000+0**00000+0*0**9999,2*33749***0.0460*293.6714*0001956*160.0681*211.4749**1.00272981*56451
EUTELSAT 33E,1*33750U*09008B***24190.18174285*-.00000152**00000+0**00000+0*0**9994,2*33750***0.8382**88.6008*0004643**22.7134*145.3294**1.00273027*56480
TELSTAR 11N,1*34111U*09009A***24190.32958840*-.00000253**00000+0**00000+0*0**9992,2*34111***0.0241**53.6709*0002600**48.8815*265.3128**1.00272219*56317
WGS F2 (USA 204),1*34713U*09017A***24190.49161906**.00000066**00000+0**00000+0*0**9997,2*34713***0.0173**35.9882*0000398*187.3855*298.0319**1.00271539*55834
SES-7 (PROTOSTAR 2),1*34941U*09027A***24190.07228979*-.00000348**00000+0**00000+0*0**9993,2*34941***0.0234**50.2071*0000200*181.1498*189.4267**1.00271864*55502
MEASAT-3A,1*35362U*09032A***24190.15398346*-.00000114**00000+0**00000+0*0**9993,2*35362***0.0273*109.9721*0002615*345.9373**46.0463**1.00271815*55121
GOES 14,1*35491U*09033A***24189.59987248*-.00000070**00000+0**00000+0*0**9999,2*35491***0.3872*102.1286*0003613***6.0744*285.2822**1.00272645*55048
FM-5,1*35493U*09034A***24190.46298861*-.00000202**00000+0**00000+0*0**9993,2*35493***0.0214*305.8364*0000761*325.8190**95.7626**1.00270500*54878
TERRESTAR-1,1*35496U*09035A***24190.50524721*-.00000060**00000+0**00000+0*0**9991,2*35496***4.4686**47.6210*0002722**63.2779*246.8932**1.00271806*55058
ASIASAT 5,1*35696U*09042A***24189.57670811*-.00000311**00000+0**00000+0*0**9997,2*35696***0.0340*268.7393*0001715*178.0704*147.3183**1.00269475*54591
JCSAT-12 (JCSAT-RA),1*35755U*09044A***24189.50457310*-.00000332**00000+0**00000+0*0**9998,2*35755***0.0539**89.6142*0001822**18.7572*131.2658**1.00272266*54491
OPTUS D3,1*35756U*09044B***24190.15337431*-.00000150**00000+0**00000+0*0**9991,2*35756***0.0663**63.8739*0002965**27.5383**46.3765**1.00271587*54527
NIMIQ 5,1*35873U*09050A***24190.46568631*-.00000259**00000+0**00000+0*0**9990,2*35873***0.0172**71.6301*0002627**33.3464*276.8617**1.00271787*54241
AMAZONAS 2,1*35942U*09054A***24183.73674296*-.00000279**00000+0**00000+0*0**9990,2*35942***0.0536*115.9946*0005246***9.3057*359.1854**1.00269322*54015
COMSATBW-1,1*35943U*09054B***24190.49266333**.00000022**00000+0**00000+0*0**9996,2*35943***0.0630**63.1221*0002549**56.8549**47.3139**1.00273611*54150
NSS-12,1*36032U*09058A***24189.56081365**.00000068**00000+0**00000+0*0**9996,2*36032***0.0858*278.1729*0003316*188.6909**78.0224**1.00271662*53801
THOR 6,1*36033U*09058B***24189.69286362*-.00000013**00000+0**00000+0*0**9996,2*36033***0.0142**80.3078*0001845**54.9574**39.4307**1.00272118*53851
INTELSAT 14 (IS-14),1*36097U*09064A***24190.47116875*-.00000276**00000+0**00000+0*0**9993,2*36097***0.0149**20.9209*0002232**89.5993*301.0016**1.00270901*53587
EUTELSAT 36B,1*36101U*09065A***24189.48535955**.00000152**00000+0**00000+0*0**9995,2*36101***0.0646***5.1795*0005350*100.0813**31.2821**1.00269897*53605
INTELSAT 15 (IS-15),1*36106U*09067A***24190.49710148*-.00000187**00000+0**00000+0*0**9993,2*36106***0.0204*295.6861*0002143*177.3753**77.9642**1.00268662*53491
WGS F3 (USA 211),1*36108U*09068A***24190.47142980*-.00000270**00000+0**00000+0*0**9990,2*36108***0.0182**34.5310*0000401*174.9902*204.2974**1.00273446*53401
DIRECTV 12,1*36131U*09075A***24189.60100377*-.00000107**00000+0**00000+0*0**9990,2*36131***0.0043*283.5224*0000219**39.2596**76.8922**1.00272500*53273
BEIDOU-2 G1,1*36287U*10001A***24189.79250091*-.00000285**00000+0**00000+0*0**9999,2*36287***2.6583**58.4411*0003513*311.6425*341.8608**1.00273699*53059
RADUGA-1M 2,1*36358U*10002A***24190.49710149*-.00000187**00000+0**00000+0*0**9994,2*36358***1.7765**88.2292*0001299**16.9584**85.7197**1.00273048*52906
SDO,1*36395U*10005A***24190.32711854*-.00000091**00000+0**00000+0*0**9998,2*36395**33.1670**97.2607*0000750*143.9477**61.2937**1.00270362*52923
INTELSAT 16 (IS-16),1*36397U*10006A***24190.46499014*-.00000247**00000+0**00000+0*0**9990,2*36397***0.0170*321.3245*0002702*180.5227*236.2349**1.00271020*52610
EWS-G2 (GOES 15),1*36411U*10008A***24190.13449039**.00000037**00000+0**00000+0*0**9991,2*36411***0.3576**89.0433*0002909*107.6141*199.4813**1.00271512*52523
ECHOSTAR 14,1*36499U*10010A***24190.01994087*-.00000003**00000+0**00000+0*0**9999,2*36499***0.0208**32.1598*0002188**72.6395**69.9471**1.00269987*52423
SES-1,1*36516U*10016A***24189.81591000*-.00000118**00000+0**00000+0*0**9996,2*36516***0.0263*319.1752*0002467*141.5301**18.2635**1.00271635*52025
ASTRA 3B,1*36581U*10021A***24190.12700645**.00000134**00000+0**00000+0*0**9994,2*36581***0.0374**53.4299*0004314**49.9858*252.3732**1.00272757*51546
COMSATBW-2,1*36582U*10021B***24189.55254648**.00000084**00000+0**00000+0*0**9991,2*36582***0.0421*115.0850*0001969***2.5979**20.3893**1.00272068*51849
BEIDOU-2 G3,1*36590U*10024A***24190.14841274*-.00000138**00000+0**00000+0*0**9998,2*36590***2.8533**61.2194*0008115*355.7938***2.5100**1.00269371*51670
BADR-5,1*36592U*10025A***24189.76975263**.00000141**00000+0**00000+0*0**9996,2*36592***0.0512*115.7630*0005152**15.2311**98.2776**1.00271779*51788
COMS 1,1*36744U*10032A***24190.02966010*-.00000349**00000+0**00000+0*0**9995,2*36744***2.9936**84.1428*0000668**18.8294*322.2948**1.00272716*51545
ARABSAT-5A,1*36745U*10032B***24189.77062286**.00000150**00000+0**00000+0*0**9997,2*36745***0.0580**46.7622*0005476**57.9003*129.4446**1.00269671*51517
ECHOSTAR 15,1*36792U*10034A***24190.17063160*-.00000284**00000+0**00000+0*0**9998,2*36792***0.0226*301.9313*0001802*147.5203*196.9214**1.00270101*51282
BEIDOU-2 IGSO-1,1*36828U*10036A***24188.55806606*-.00000100**00000+0**00000+0*0**9996,2*36828**54.2566*169.3880*0041918*207.4028*217.1016**1.00277052*51084
NILESAT 201,1*36830U*10037A***24190.07271684*-.00000061**00000+0**00000+0*0**9998,2*36830***0.0123**84.9195*0004788**46.4155*174.3525**1.00271221*51184
RASCOM-QAF 1R,1*36831U*10037B***24190.33759449**.00000016**00000+0**00000+0*0**9997,2*36831***0.0325**93.8450*0005835**11.7395*305.6103**1.00271326*51184
AEHF-1 (USA 214),1*36868U*10039A***24189.40751366**.00000017**00000+0**00000+0*0**9996,2*36868***6.4307**77.0814*0003928**26.1935*333.2827**1.00273269*46534
XM-5,1*37185U*10053A***24190.45613934*-.00000025**00000+0**00000+0*0**9990,2*37185***0.0182**29.3352*0000354*201.2721*105.2906**1.00271985*50335
BSAT-3B,1*37207U*10056B***24189.74731689*-.00000353**00000+0**00000+0*0**9990,2*37207***0.0661*301.4260*0001621**45.7208*317.9196**1.00270017*50162
BEIDOU-2 G4,1*37210U*10057A***24189.79641694*-.00000117**00000+0**00000+0*0**9994,2*37210***1.8936**69.0848*0004171*156.4613*147.3886**1.00270645*50171
SKYTERRA 1,1*37218U*10061A***24189.67284843*-.00000123**00000+0**00000+0*0**9990,2*37218***3.6556**48.4917*0001599**45.4524*333.0876**1.00270968*50119
HYLAS 1,1*37237U*10065A***24190.02966010*-.00000280**00000+0**00000+0*0**9993,2*37237***3.8293**81.6629*0007233*293.3534**55.4485**1.00586754*49892
INTELSAT 17 (IS-17),1*37238U*10065B***24189.56307622*-.00000005**00000+0**00000+0*0**9994,2*37238***0.0061**41.4365*0002510**68.2345**85.0366**1.00271302*46128
BEIDOU-2 IGSO-2,1*37256U*10068A***24177.03205666*-.00000185**00000+0**00000+0*0**9990,2*37256**48.8639*280.7291*0036230*210.2706*258.3565**1.00247372*49557
EUTELSAT KA-SAT 9A,1*37258U*10069A***24189.18243723**.00000058**00000+0**00000+0*0**9996,2*37258***0.0833*284.5029*0004397*176.0845*259.7363**1.00272429*36882
HISPASAT 30W-5,1*37264U*10070A***24190.33106779*-.00000219**00000+0**00000+0*0**9993,2*37264***0.0428*104.3337*0005614**16.3109*255.2884**1.00270976*49565
KOREASAT 6,1*37265U*10070B***24189.83707028*-.00000365**00000+0**00000+0*0**9993,2*37265***0.0184**95.6186*0000964**22.3747*225.6264**1.00271918*49578
BEIDOU-2 IGSO-3,1*37384U*11013A***24190.43440838*-.00000171**00000+0**00000+0*0**9999,2*37384**61.3814**46.9042*0027108*173.7527*327.7224**1.00253798*48560
INTELSAT NEW DAWN,1*37392U*11016A***24190.10882866**.00000153**00000+0**00000+0*0**9995,2*37392***0.0274**92.0427*0001381**16.4930*249.9835**1.00268388*48401
YAHSAT 1A,1*37393U*11016B***24190.49057479**.00000099**00000+0**00000+0*0**9991,2*37393***0.0215*293.2047*0002774*185.0699**37.7422**1.00271022*48451
SBIRS GEO-1 (USA 230),1*37481U*11019A***24189.84918968*-.00000008**00000+0**00000+0*0**9999,2*37481***3.0345**48.9169*0001681**56.4313*192.3459**1.00272249*48221
TELSTAR 14R,1*37602U*11021A***24189.98799478*-.00000283**00000+0**00000+0*0**9990,2*37602***0.0235**46.3569*0002326**27.5195*145.2427**1.00268519*48677
GSAT-8,1*37605U*11022A***24189.84710113**.00000081**00000+0**00000+0*0**9993,2*37605***0.2919**91.2671*0002823*166.7880**28.2577**1.00273339*48125
ST-2,1*37606U*11022B***24189.87132859*-.00000214**00000+0**00000+0*0**9991,2*37606***0.0137**73.8764*0000845**73.1144*181.0013**1.00270692*48134
ZHONGXING-10,1*37677U*11026A***24190.04077187*-.00000355**00000+0**00000+0*0**9992,2*37677***0.0469*241.5480*0003938*278.5886*251.5442**1.00270725*47853
SES-3,1*37748U*11035A***24190.17340338*-.00000104**00000+0**00000+0*0**9998,2*37748***0.0226**39.3132*0002894**69.6377*137.0695**1.00271382*47582
KAZSAT-2,1*37749U*11035B***24189.78179713*-.00000200**00000+0**00000+0*0**9998,2*37749***0.0309*142.6556*0001775**38.1859*113.3176**1.00270436*47452
BEIDOU-2 IGSO-4,1*37763U*11038A***24190.42704328*-.00000015**00000+0**00000+0*0**9990,2*37763**54.5619*171.9848*0126243*229.1561*132.6277**1.00255464*47534
ASTRA 1N,1*37775U*11041A***24189.76844729**.00000116**00000+0**00000+0*0**9993,2*37775***0.0520**16.5016*0004875**56.7525*148.7738**1.00270551*47281
BSAT-3C (JCSAT-110R),1*37776U*11041B***24189.83104987*-.00000354**00000+0**00000+0*0**9992,2*37776***0.0313*292.6222*0000068**45.9482*356.8076**1.00272613*47402
PAKSAT-1R,1*37779U*11042A***24189.55741976**.00000150**00000+0**00000+0*0**9993,2*37779***0.0394*122.4386*0002190*316.5124**85.6815**1.00274480*47360
SES-2,1*37809U*11049A***24189.84354890*-.00000199**00000+0**00000+0*0**9995,2*37809***0.0204*331.3511*0002423*141.1064**30.4945**1.00271589*46884
ARABSAT-5C,1*37810U*11049B***24190.34098837**.00000121**00000+0**00000+0*0**9994,2*37810***0.0480*351.6659*0005463*154.3049*283.5591**1.00273127*46806
EUTELSAT 7 WEST A,1*37816U*11051A***24190.48883306*-.00000062**00000+0**00000+0*0**9996,2*37816***0.0693**33.2031*0004046**94.0761*328.3050**1.00272404*46863
QUETZSAT 1,1*37826U*11054A***24189.83799177*-.00000245**00000+0**00000+0*0**9992,2*37826***0.0127***0.1291*0002431**99.2790**51.5473**1.00272828*46989
INTELSAT 18 (IS-18),1*37834U*11056A***24190.55586948**.00000051**00000+0**00000+0*0**9998,2*37834***0.0172**47.4096*0001757**63.3481*196.3320**1.00271099*46735
EUTELSAT 16A,1*37836U*11057A***24189.55298160**.00000100**00000+0**00000+0*0**9990,2*37836***0.0658**14.6961*0005582**92.4729**33.8826**1.00272693***211
VIASAT-1,1*37843U*11059A***24189.96924528*-.00000027**00000+0**00000+0*0**9998,2*37843***0.0207**36.2489*0002186**67.9679**56.0115**1.00269877*47165
ASIASAT 7,1*37933U*11069A***24189.57132458*-.00000337**00000+0**00000+0*0**9993,2*37933***0.0205*275.6562*0001107*161.8646*159.6218**1.00269527*37743
BEIDOU-2 IGSO-5,1*37948U*11073A***24189.71210965*-.00000192**00000+0**00000+0*0**9999,2*37948**48.9723*280.2602*0101676*220.2518*136.6500**1.00289492*46283
LUCH-5A,1*37951U*11074B***24190.53916279*-.00000053**00000+0**00000+0*0**9993,2*37951***6.9390**84.6411*0003894**27.5862*175.8153**1.00274683*46081
NIGCOMSAT 1R,1*38014U*11077A***24189.98772226**.00000142**00000+0**00000+0*0**9994,2*38014***0.0143*130.0130*0001351*181.6735**12.7971**1.00272434*45925
FENGYUN 2F,1*38049U*12002A***24189.57224597*-.00000364**00000+0**00000+0*0**9996,2*38049***5.6437**72.9350*0001699*125.5630**45.7044**1.00273469*45773
WGS F4 (USA 233),1*38070U*12003A***24190.13997282*-.00000217**00000+0**00000+0*0**9990,2*38070***0.0179**57.6907*0000407*207.7830*159.9107**1.00270145*45617
SES-4,1*38087U*12007A***24190.18951503*-.00000171**00000+0**00000+0*0**9992,2*38087***0.0213**45.6921*0002625**61.2599*225.8988**1.00273392*45387
BEIDOU-2 G5,1*38091U*12008A***24190.49179310**.00000052**00000+0**00000+0*0**9997,2*38091***2.1268**71.0420*0004776*263.8771*187.8489**1.00277493*45371
MUOS-1,1*38093U*12009A***24189.67319652*-.00000132**00000+0**00000+0*0**9993,2*38093***4.0800**44.9047*0056841***3.2689**20.2923**1.00270640*45341
INTELSAT 22 (IS-22),1*38098U*12011A***24189.49266944*-.00000062**00000+0**00000+0*0**9998,2*38098***0.0187**55.2230*0001812**54.1863**65.9866**1.00271673****76
APSTAR-7,1*38107U*12013A***24189.56487156*-.00000105**00000+0**00000+0*0**9997,2*38107***0.0392**95.5967*0002982**26.7762**83.4831**1.00272014*44694
YAHSAT 1B,1*38245U*12016A***24190.27491108**.00000124**00000+0**00000+0*0**9995,2*38245***0.0184**79.1633*0003195**43.6406*310.4624**1.00267134*44818
AEHF-2 (USA 235),1*38254U*12019A***24189.60274422*-.00000167**00000+0**00000+0*0**9999,2*38254***5.0071**61.5960*0001203**89.2981*257.9595**1.00271738*44567
JCSAT-13,1*38331U*12023A***24190.07533559*-.00000359**00000+0**00000+0*0**9995,2*38331***0.0185**42.9957*0002464**89.8990*304.7355**1.00271948*44466
VINASAT-2,1*38332U*12023B***24189.79076045*-.00000332**00000+0**00000+0*0**9996,2*38332***0.0157*353.6644*0002104*110.0122*239.0669**1.00272104*44504
NIMIQ 6,1*38342U*12026A***24189.53183509*-.00000177**00000+0**00000+0*0**9993,2*38342***0.0386*283.8846*0002042*174.9620*287.4730**1.00271227*43308
ZHONGXING-2A,1*38352U*12028A***24190.42808755*-.00000295**00000+0**00000+0*0**9994,2*38352***0.0156*104.4528*0002093*272.5679*162.1975**1.00273678*44532
INTELSAT 19 (IS-19),1*38356U*12030A***24190.53799233*-.00000059**00000+0**00000+0*0**9991,2*38356***0.0184**21.3105*0002869**95.2544*170.0727**1.00272113*44409
ECHOSTAR 17,1*38551U*12035A***24189.60013354*-.00000079**00000+0**00000+0*0**9994,2*38551***0.0140**56.2336*0002033**67.1103*271.6294**1.00271401*44016
METEOSAT-10 (MSG-3),1*38552U*12035B***24189.83609924*-.00000012**00000+0**00000+0*0**9991,2*38552***3.0110**61.1444*0000410*285.3781*240.7468**1.00270994*44101
SES-5,1*38652U*12036A***24189.83714351**.00000031**00000+0**00000+0*0**9994,2*38652***0.0661*295.1321*0001946*165.9324*131.5538**1.00272924*43956
INTELSAT 20 (IS-20),1*38740U*12043A***24190.14841274*-.00000027**00000+0**00000+0*0**9997,2*38740***0.0064**62.4547*0000749*118.3947*227.6569**1.00271127*43729
HYLAS 2,1*38741U*12043B***24190.20257701*-.00000265**00000+0**00000+0*0**9995,2*38741***0.5905**89.9899*0000922**40.2497**11.8283**1.00272688*43740
INTELSAT 21 (IS-21),1*38749U*12045A***24190.46864508*-.00000287**00000+0**00000+0*0**9996,2*38749***0.0178*355.5939*0001429*133.8490*268.1681**1.00268249*43531
ASTRA 2F,1*38778U*12051A***24190.48561451**.00000148**00000+0**00000+0*0**9993,2*38778***0.0693*246.6782*0002295*287.7640*315.4393**1.00271918*43183
GSAT-10,1*38779U*12051B***24189.63795049*-.00000168**00000+0**00000+0*0**9994,2*38779***0.0169*286.7772*0000617**54.3471*257.6038**1.00270283*43178
INTELSAT 23 (IS-23),1*38867U*12057A***24190.49374066*-.00000287**00000+0**00000+0*0**9998,2*38867***0.0309*223.0299*0000450*155.4019**33.2270**1.00280842*43006
BEIDOU-2 G6,1*38953U*12059A***24190.49684042*-.00000178**00000+0**00000+0*0**9993,2*38953***2.6132**80.3697*0008825*319.3749*150.0212**1.00269038*42945
LUCH-5B,1*38977U*12061A***24189.96021840*-.00000143**00000+0**00000+0*0**9995,2*38977***8.9331**56.5260*0004544*102.4927**96.7916**1.00272603*43068
YAMAL 300K,1*38978U*12061B***24190.15868267**.00000068**00000+0**00000+0*0**9996,2*38978***0.0211**32.9810*0000919*201.6263*292.0638**1.00270530*42760
STAR ONE C3,1*38991U*12062A***24190.17619146*-.00000251**00000+0**00000+0*0**9999,2*38991***0.0214**36.5664*0002202**99.8658*138.6111**1.00266952*42749
EUTELSAT 21B,1*38992U*12062B***24189.55419992**.00000127**00000+0**00000+0*0**9998,2*38992***0.0647***8.0284*0003051**99.4782**39.5985**1.00274652*42710
ECHOSTAR 16,1*39008U*12065A***24190.46794890*-.00000284**00000+0**00000+0*0**9990,2*39008***0.0185**41.2078*0002159**66.8363*285.8029**1.00272672*42701
ZHONGXING-12,1*39017U*12067A***24189.56728569*-.00000210**00000+0**00000+0*0**9990,2*39017***0.0415**95.4880*0002631**14.4031*107.8196**1.00271462*42394
EUTELSAT 70B,1*39020U*12069A***24189.49197326*-.00000047**00000+0**00000+0*0**9997,2*39020***0.0618**16.9767*0003445**88.9476**67.6049**1.00271884*42396
YAMAL 402,1*39022U*12070A***24190.49109692**.00000084**00000+0**00000+0*0**9992,2*39022***0.0163*101.3715*0003531***8.7196**48.5091**1.00271749*42496
SKYNET 5D,1*39034U*12075A***24190.49066181**.00000097**00000+0**00000+0*0**9999,2*39034***0.0639**10.6416*0003458*105.3527**40.2955**1.00272901*42418
MEXSAT 3,1*39035U*12075B***24189.67015073*-.00000029**00000+0**00000+0*0**9998,2*39035***0.0216**40.9642*0001275**75.6854*295.9225**1.00270679*42367
TDRS 11,1*39070U*13004A***24189.80146424**.00000075**00000+0**00000+0*0**9990,2*39070***2.7549**12.4140*0006610**54.1459*333.9803**1.00265373*41877
AMAZONAS 3,1*39078U*13006A***24190.17063160*-.00000285**00000+0**00000+0*0**9991,2*39078***0.0068*261.2368*0003081*247.2980*138.4909**1.00270317*41869
AZERSPACE 1,1*39079U*13006B***24189.77366865**.00000130**00000+0**00000+0*0**9992,2*39079***0.0166*350.1545*0001995*147.9306*112.6194**1.00271177*41814
SBIRS GEO-2 (USA 241),1*39120U*13011A***24189.82861529*-.00000261**00000+0**00000+0*0**9994,2*39120***3.0195**47.5566*0001725**57.7045**81.3033**1.00271028*41476
EUTELSAT 117 WEST A,1*39122U*13012A***24189.66980264*-.00000016**00000+0**00000+0*0**9995,2*39122***0.0107**31.6541*0002629**80.1640*298.6211**1.00271032*41353
ANIK G1,1*39127U*13014A***24189.67171713*-.00000077**00000+0**00000+0*0**9991,2*39127***0.0205**35.4941*0000978**93.8081*291.3241**1.00269714*41131
ZHONGXING-11,1*39157U*13020A***24189.57688172*-.00000295**00000+0**00000+0*0**9994,2*39157***0.0179**43.5873*0002146*289.5045*258.4863**1.00274618*40784
EUTELSAT 7B,1*39163U*13022A***24189.55132817**.00000044**00000+0**00000+0*0**9992,2*39163***0.0654*356.4766*0003880**39.2412**95.7434**1.00270840*40857
WGS F5 (USA 243),1*39168U*13024A***24189.75414157*-.00000288**00000+0**00000+0*0**9992,2*39168***0.0176**47.2658*0000464*191.8098*266.1016**1.00272073*40711
SES-6,1*39172U*13026A***24189.82809316*-.00000264**00000+0**00000+0*0**9996,2*39172***0.0169**12.9239*0001848**66.3532*104.5924**1.00271309*40600
IRNSS-1A,1*39199U*13034A***24189.77514803**.00000055**00000+0**00000+0*0**9999,2*39199**34.1221**74.1495*0017929*180.6145***5.5652**1.00278630*40531
MUOS-2,1*39206U*13036A***24190.15868267**.00000061**00000+0**00000+0*0**9997,2*39206***3.6606**40.8680*0052096*176.3878*309.4119**1.00272086*40198
ALPHASAT,1*39215U*13038A***24190.48509236**.00000131**00000+0**00000+0*0**9991,2*39215***2.8935***7.3257*0002032*123.2749*355.8257**1.00270877*40166
INSAT-3D,1*39216U*13038B***24190.49649233*-.00000158**00000+0**00000+0*0**9995,2*39216***0.0422*273.3310*0002304*193.0039**81.4454**1.00271022*40199
WGS F6 (USA 244),1*39222U*13041A***24190.49175356**.00000087**00000+0**00000+0*0**9996,2*39222***0.0196**62.4862*0000428*196.2518**70.0178**1.00272483*39956
ES'HAIL 1,1*39233U*13044A***24190.12744156**.00000140**00000+0**00000+0*0**9991,2*39233***0.0471***8.6612*0002336**88.2193*261.0151**1.00271350*39795
GSAT-7,1*39234U*13044B***24189.56461047*-.00000080**00000+0**00000+0*0**9997,2*39234***0.0317**83.2501*0005911*185.4145*294.5844**1.00271973*39780
AMOS-4,1*39237U*13045A***24190.49309844**.00000005**00000+0**00000+0*0**9997,2*39237***0.0144**66.5301*0001348***3.2178**99.6922**1.00271225*39787
AEHF-3 (USA 246),1*39256U*13050A***24189.53590892**.00000128**00000+0**00000+0*0**9998,2*39256***3.5257**72.7320*0046254*178.2908**72.8029**1.00273670*39563
ASTRA 2E,1*39285U*13056A***24189.55559228**.00000147**00000+0**00000+0*0**9997,2*39285***0.0536***4.5995*0002559**93.7992**56.0692**1.00271883*39319
FM-6,1*39360U*13058A***24190.50208853*-.00000019**00000+0**00000+0*0**9994,2*39360***0.0328**63.1211*0000442*314.6150*333.7872**1.00268976*39240
RADUGA-1M 3,1*39375U*13062A***24190.33799299**.00000150**00000+0**00000+0*0**9990,2*39375***4.1463**81.0279*0004008*236.9933*125.3991**1.00272451*39027
SES-8,1*39460U*13071A***24189.56876507*-.00000273**00000+0**00000+0*0**9993,2*39460***0.0457*254.7872*0002536*208.2874*122.6712**1.00271443*37319
INMARSAT 5-F1,1*39476U*13073A***24189.76785627**.00000025**00000+0**00000+0*0**9990,2*39476***0.0184**37.8983*0000179*139.8816**87.4643**1.00271365*38812
TKSAT-1 (TUPAC KATARI),1*39481U*13075A***24190.46281456*-.00000197**00000+0**00000+0*0**9999,2*39481***0.0402*130.2111*0002162*332.3114*263.7894**1.00271423*38741
EXPRESS-AM5,1*39487U*13077A***24189.79241389*-.00000283**00000+0**00000+0*0**9998,2*39487***0.0153*337.6339*0000589*217.6367*156.2522**1.00273029*39212
GSAT-14,1*39498U*14001A***24190.35177918*-.00000079**00000+0**00000+0*0**9991,2*39498***0.0462*221.0839*0002112**23.3246*243.0066**1.00271730*38472
THAICOM 6,1*39500U*14002A***24189.49397479*-.00000124**00000+0**00000+0*0**9996,2*39500***0.0607*109.8245*0003797**34.1849**38.2270**1.00270633*38405
TDRS 12,1*39504U*14004A***24189.82800613*-.00000274**00000+0**00000+0*0**9994,2*39504***3.5543***3.9050*0003756*189.7495*349.7112**1.00276750*38336
ABS-2,1*39508U*14006A***24189.56478453*-.00000090**00000+0**00000+0*0**9990,2*39508***0.0393*282.5623*0003278*194.4992**87.1841**1.00271580*38169
ATHENA-FIDUS,1*39509U*14006B***24190.48761602**.00000152**00000+0**00000+0*0**9993,2*39509***0.0315**97.7553*0000983**28.3147**14.1764**1.00269518*38396
TURKSAT 4A,1*39522U*14007A***24190.13074843**.00000143**00000+0**00000+0*0**9995,2*39522***0.0654*259.1434*0001074*301.6710*174.7996**1.00270103*38105
EXPRESS-AT1,1*39612U*14010A***24190.20500506**.00000076**00000+0**00000+0*0**9992,2*39612***0.0190**31.6246*0000468*343.0171**41.8084**1.00271455*37945
EXPRESS-AT2,1*39613U*14010B***24189.62618958*-.00000285**00000+0**00000+0*0**9991,2*39613***0.0146*328.5512*0000700**18.1704*304.6049**1.00272728*37767
AMAZONAS 4A,1*39616U*14011A***24190.17619146*-.00000255**00000+0**00000+0*0**9994,2*39616***0.0641*186.5429*0003640*304.3213*145.1455**1.00269388*37756
ASTRA 5B,1*39617U*14011B***24189.76923050**.00000134**00000+0**00000+0*0**9995,2*39617***0.0694*308.6258*0001833*166.8876*111.1092**1.00269951*37756
IRNSS-1B,1*39635U*14017A***24188.77359111**.00000126**00000+0**00000+0*0**9993,2*39635**28.9472*252.4949*0022907*194.5720*171.7913**1.00268208*37661
LUCH-5V,1*39727U*14023A***24190.14119113*-.00000272**00000+0**00000+0*0**9995,2*39727***3.3483**75.9176*0002350**85.7171*270.4617**1.00269048555401
KAZSAT-3,1*39728U*14023B***24190.49179310**.00000060**00000+0**00000+0*0**9993,2*39728***0.0188**85.7091*0000278**46.7884**29.9331**1.00264962*37335
EUTELSAT 3B,1*39773U*14030A***24189.55037093**.00000016**00000+0**00000+0*0**9998,2*39773***0.0615**17.7074*0003491*113.4774*356.0184**1.00272711*36954
ASIASAT 8 (AMOS-7),1*40107U*14046A***24190.33620213*-.00000036**00000+0**00000+0*0**9991,2*40107***0.0137**87.5332*0001732**24.0233*292.3488**1.00272720*36398
ASIASAT 6,1*40141U*14052A***24189.86266053*-.00000365**00000+0**00000+0*0**9995,2*40141***0.0194**62.0169*0000668**20.3585*274.3914**1.00272151*36056
OPTUS 10,1*40146U*14054A***24190.56182125*-.00000149**00000+0**00000+0*0**9998,2*40146***0.0208*260.7929*0002991*235.5991*148.8645**1.00271866*36014
MEASAT-3B,1*40147U*14054B***24190.42678222*-.00000244**00000+0**00000+0*0**9998,2*40147***0.0306**32.6961*0002550**72.1925**67.1324**1.00271250*36068
LUCH (OLYMP-K 1),1*40258U*14058A***24189.40298847*-.00000145**00000+0**00000+0*0**9992,2*40258***0.1390**96.5589*0002795*279.1189**37.1407**1.00272313*35825
HIMAWARI-8,1*40267U*14060A***24190.50812743*-.00000278**00000+0**00000+0*0**9992,2*40267***0.0321*155.9787*0001195*346.1679*108.3753**1.00270687*35759
IRNSS-1C,1*40269U*14061A***24189.78110095*-.00000168**00000+0**00000+0*0**9992,2*40269***4.7208*104.2408*0021872***7.2617*178.9306**1.00273331*35716
INTELSAT 30 (IS-30),1*40271U*14062A***24187.53788223*-.00000155**00000+0**00000+0*0**9997,2*40271***0.0096**20.9776*0002257*335.7772**25.8389**1.00281952****49
ARSAT 1,1*40272U*14062B***24190.46586036*-.00000262**00000+0**00000+0*0**9991,2*40272***0.0174*344.6671*0001432*118.6111*279.5162**1.00271851*35789
EXPRESS-AM6,1*40277U*14064A***24189.56046554**.00000094**00000+0**00000+0*0**9995,2*40277***0.0230**39.7547*0001057*103.1515**37.8733**1.00272430*34468
GSAT-16,1*40332U*14078A***24186.69855914**.00000082**00000+0**00000+0*0**9998,2*40332***0.0951**97.3960*0007231*356.4312*135.9068**1.00273498*34968
DIRECTV 14,1*40333U*14078B***24190.51096528*-.00000128**00000+0**00000+0*0**9995,2*40333***0.0162***5.2380*0000091*319.7909**46.6185**1.00273590*35140
YAMAL 401,1*40345U*14082A***24190.49797170*-.00000231**00000+0**00000+0*0**9996,2*40345***0.0153*330.4889*0000270*159.7693**65.8614**1.00274031*35300
ASTRA 2G,1*40364U*14089A***24189.91329590**.00000147**00000+0**00000+0*0**9991,2*40364***0.0431*348.7623*0004466**84.1488*210.3854**1.00271225*34902
FENGYUN 2G,1*40367U*14090A***24190.11368769*-.00000303**00000+0**00000+0*0**9996,2*40367***3.8432**81.3043*0003373*116.5985*228.8673**1.00261561*34928
MUOS-3,1*40374U*15002A***24189.83305344*-.00000133**00000+0**00000+0*0**9996,2*40374***3.2717**35.6425*0055842*175.6864*359.3007**1.00269939*34706
INMARSAT 5-F2,1*40384U*15005A***24189.89679104*-.00000289**00000+0**00000+0*0**9996,2*40384***0.0181**39.2509*0000260*236.3676*278.5544**1.00271869*34567
ABS-3A,1*40424U*15010A***24189.26307575*-.00000030**00000+0**00000+0*0**9992,2*40424***0.0070**15.0560*0001564***3.9154*358.4590**1.00269760*34257
EUTELSAT 115 WEST B,1*40425U*15010B***24189.52704885*-.00000028**00000+0**00000+0*0**9994,2*40425***0.0082*202.9700*0000113*237.4191*280.4168**1.00267857*34315
EXPRESS-AM7,1*40505U*15012A***24190.27343170**.00000148**00000+0**00000+0*0**9997,2*40505***0.0208**72.0284*0002748**35.1996*317.8941**1.00273861*34258
IRNSS-1D,1*40547U*15018A***24188.52354245*-.00000264**00000+0**00000+0*0**9999,2*40547**27.4472*252.3734*0021775*193.8102*139.0399**1.00279858*33853
BEIDOU-3S IGSO-1S,1*40549U*15019A***24189.78310247*-.00000172**00000+0**00000+0*0**9993,2*40549**50.5342*303.9491*0035698*193.2243*162.6097**1.00300923*33956
THOR 7,1*40613U*15022A***24189.62136707*-.00000012**00000+0**00000+0*0**9992,2*40613***0.0108**54.9024*0002542**50.2665**43.9457**1.00269239*33691
TURKMENALEM52E/MONACOSAT,1*40617U*15023A***24189.48831833**.00000100**00000+0**00000+0*0**9990,2*40617***0.0364**87.8279*0001828**35.5323**30.3620**1.00273226*33737
DIRECTV 15,1*40663U*15026A***24190.42271692*-.00000105**00000+0**00000+0*0**9997,2*40663***0.0306**82.3365*0000361**81.1545*172.6799**1.00273441*33426
SKY MEXICO-1,1*40664U*15026B***24189.83799177*-.00000238**00000+0**00000+0*0**9991,2*40664***0.0176*359.5043*0001701*113.7827**35.8994**1.00271989*33420
METEOSAT-11 (MSG-4),1*40732U*15034A***24190.26734010**.00000058**00000+0**00000+0*0**9999,2*40732***1.4350**69.5723*0001080*162.7243*159.8732**1.00269363*32906
STAR ONE C4,1*40733U*15034B***24189.53601219*-.00000268**00000+0**00000+0*0**9996,2*40733***0.0347*322.0651*0001480*118.8748*328.0028**1.00270976*32901
WGS F7 (USA 263),1*40746U*15036A***24190.57924793**.00000015**00000+0**00000+0*0**9992,2*40746***0.0437**64.6965*0000177**91.7950*154.0219**1.00270381*32750
INTELSAT 34 (IS-34),1*40874U*15039A***24189.89661699*-.00000289**00000+0**00000+0*0**9997,2*40874***0.0230*355.5490*0001242***1.3977*196.6758**1.00271483*32505
EUTELSAT 8 WEST B,1*40875U*15039B***24189.40516404*-.00000069**00000+0**00000+0*0**9994,2*40875***0.0645**17.1670*0003560**83.3026*323.2286**1.00271854*32525
GSAT-6,1*40880U*15041A***24190.49657934*-.00000162**00000+0**00000+0*0**9992,2*40880***0.0844**99.3156*0003182**20.3217**68.5920**1.00270018*32486
INMARSAT 5-F3,1*40882U*15042A***24189.65718435**.00000046**00000+0**00000+0*0**9995,2*40882***0.0182**36.5025*0000277*163.0955*142.6453**1.00271090*32449
MUOS-4,1*40887U*15044A***24190.49509997*-.00000096**00000+0**00000+0*0**9993,2*40887***3.1346**32.6709*0056357***2.7690*144.7581**1.00271786*32448
TJS-1,1*40892U*15046A***24189.88382660*-.00000159**00000+0**00000+0*0**9998,2*40892***0.0895*243.7477*0002699*143.7048**11.9955**1.00272525*32441
EXPRESS-AM8,1*40895U*15048A***24189.40403274*-.00000115**00000+0**00000+0*0**9998,2*40895***0.0154*330.1801*0000495*350.2478**96.8595**1.00271402*32229
BEIDOU-3S IGSO-2S,1*40938U*15053A***24188.62228248*-.00000108**00000+0**00000+0*0**9993,2*40938**50.3255*267.1784*0053453*190.7660*145.6164**1.00258192*32224
SKY MUSTER 1 (NBN1A),1*40940U*15054A***24189.79241389*-.00000282**00000+0**00000+0*0**9990,2*40940***0.0172*351.3870*0001526*113.4485*246.8975**1.00271160*32145
ARSAT 2,1*40941U*15054B***24189.53374959*-.00000228**00000+0**00000+0*0**9993,2*40941***0.0144*351.0127*0001954*102.3570*303.7496**1.00272134*32192
MORELOS 3,1*40946U*15056A***24189.74169735*-.00000044**00000+0**00000+0*0**9993,2*40946***3.0158*352.8708*0001498*182.8733*264.3565**1.00271429*32168
APSTAR-9,1*40982U*15059A***24189.43737897*-.00000270**00000+0**00000+0*0**9993,2*40982***0.0177**10.3668*0002470*176.3154**38.6640**1.00271351*32006
TURKSAT 4B,1*40984U*15060A***24190.49005265**.00000113**00000+0**00000+0*0**9997,2*40984***0.0328**80.4599*0003783**19.7629**53.0932**1.00270124*31980
ZHONGXING-2C,1*41021U*15063A***24190.50073050*-.00000325**00000+0**00000+0*0**9998,2*41021***0.0496*200.5048*0004403*250.9729*119.2421**1.00262470*31908
GSAT-15,1*41028U*15065A***24189.13910400*-.00000262**00000+0**00000+0*0**9993,2*41028***0.0138**92.5678*0003366***2.4459*334.1391**1.00272515*31683
BADR-7 (ARABSAT-6B),1*41029U*15065B***24189.91286079**.00000141**00000+0**00000+0*0**9993,2*41029***0.0102*239.8667*0004154*329.7034**71.3976**1.00269441*31794
LAOSAT 1,1*41034U*15067A***24190.50813427*-.00000345**00000+0**00000+0*0**9998,2*41034***0.0038**88.9291*0002607*331.6280*177.8120**1.00272339*31737
TELSTAR 12V,1*41036U*15068A***24189.83314046*-.00000122**00000+0**00000+0*0**9991,2*41036***0.0150**67.6232*0002112**35.4652*108.1018**1.00271478*31619
ELEKTRO-L 2,1*41105U*15074A***24189.40394573*-.00000123**00000+0**00000+0*0**9992,2*41105***4.8927**79.2343*0001217*149.4550*188.0665**1.00270815*31383
COSMOS 2513,1*41121U*15075A***24189.87132859*-.00000141**00000+0**00000+0*0**9999,2*41121***0.0667*107.9523*0003038*329.5594*242.7068**1.00271582*31489
EXPRESS-AMU1,1*41191U*15082A***24190.48735495**.00000153**00000+0**00000+0*0**9990,2*41191***0.0176**43.6185*0002401**63.6063**31.2316**1.00269524*31403
GAOFEN-4,1*41194U*15083A***24190.50116561*-.00000336**00000+0**00000+0*0**9998,2*41194***0.0780*251.0054*0001283*206.3415*115.6399**1.00269063*31384
BELINTERSAT-1,1*41238U*16001A***24190.49040074**.00000104**00000+0**00000+0*0**9993,2*41238***0.0397*262.5803*0001172*157.1328**95.2571**1.00274405*31122
IRNSS-1E,1*41241U*16003A***24187.78548878*-.00000324**00000+0**00000+0*0**9997,2*41241**31.6723**73.2023*0018826*180.3464**65.1030**1.00266511*30947
EUTELSAT 9B,1*41310U*16005A***24190.33881281**.00000059**00000+0**00000+0*0**9993,2*41310***0.0518**69.6240*0001126**62.3571*285.7399**1.00273251*31004
SES-9,1*41380U*16013A***24189.57146278*-.00000348**00000+0**00000+0*0**9995,2*41380***0.0398*288.8358*0002095*167.0446*144.1518**1.00270385*30636
EUTELSAT 65 WEST A,1*41382U*16014A***24190.10942787*-.00000279**00000+0**00000+0*0**9991,2*41382***0.0563*333.4001*0002143*134.8575*152.4867**1.00272912*30539
IRNSS-1F,1*41384U*16015A***24190.27195230**.00000154**00000+0**00000+0*0**9996,2*41384***3.6187*116.9989*0017970*183.0429*116.9938**1.00273317*30555
BEIDOU-2 IGSO-6,1*41434U*16021A***24190.06959209*-.00000153**00000+0**00000+0*0**9990,2*41434**59.2075**45.1342*0047899*222.0624*139.6299**1.00267431*30365
IRNSS-1G,1*41469U*16027A***24190.50586483*-.00000338**00000+0**00000+0*0**9998,2*41469***3.4899*118.2057*0006744*339.8303*140.5158**1.00273647*30066
JCSAT-2B,1*41471U*16028A***24189.56847263*-.00000169**00000+0**00000+0*0**9994,2*41471***0.0187**32.0957*0000766**76.6748*175.8864**1.00270824*30004
THAICOM 8,1*41552U*16031A***24189.93313500*-.00000124**00000+0**00000+0*0**9992,2*41552***0.0589**38.9545*0002013**41.7775*260.0597**1.00271401*29671
INTELSAT 31 (IS-31),1*41581U*16035A***24187.41996288*-.00000154**00000+0**00000+0*0**9992,2*41581***0.0177**89.7417*0001063**96.4897*153.7886**1.00270618*29559
BEIDOU-2 G7,1*41586U*16037A***24189.79817795*-.00000358**00000+0**00000+0*0**9993,2*41586***1.9558**69.8978*0008586***2.3476*251.7474**1.00278389*29661
ABS-2A (MONGOLSAT-1),1*41588U*16038A***24190.35177918*-.00000086**00000+0**00000+0*0**9994,2*41588***0.0140**55.5866*0002013*347.2836**85.2624**1.00271789*29583
EUTELSAT 117 WEST B,1*41589U*16038B***24190.45460994*-.00000014**00000+0**00000+0*0**9996,2*41589***0.0111*145.2517*0000266***3.4545*184.8335**1.00269878*29590
BRISAT,1*41591U*16039A***24189.79450243*-.00000200**00000+0**00000+0*0**9998,2*41591***0.0215**29.3290*0001894**77.0048*256.4244**1.00269088*29533
ECHOSTAR 18,1*41592U*16039B***24190.46794890*-.00000284**00000+0**00000+0*0**9996,2*41592***0.0182**37.0488*0001453**72.6272*284.3245**1.00273459*29519
MUOS-5,1*41622U*16041A***24190.50773310*-.00000152**00000+0**00000+0*0**9996,2*41622***3.8291*296.8891*0196509*252.2439*175.5121**1.00271900*29968
TIANTONG-1 1,1*41725U*16048A***24190.42878373*-.00000321**00000+0**00000+0*0**9991,2*41725***2.6608**30.3025*0002519**33.0935*119.2082**1.00269719*29151
JCSAT-16,1*41729U*16050A***24190.51975734*-.00000253**00000+0**00000+0*0**9991,2*41729***0.0188**38.9754*0001787**62.6109*156.4061**1.00270630*28951
USA 270,1*41744U*16052A***24184.27868900*-.00000360**00000+0**00000+0*0**9991,2*41744***2.3555**86.3447*0000916*190.3052*225.1566**1.00129869*20960
USA 271,1*41745U*16052B***24184.40020501**.00000108**00000+0**00000+0*0**9993,2*41745***2.3307**86.3717*0000991**89.3017**94.2637**0.99807590*20759
INTELSAT 36 (IS-36),1*41747U*16053A***24188.84790348*-.00000029**00000+0**00000+0*0**9994,2*41747***0.0103**21.4773*0002446*341.3646*296.1939**1.00271955*28825
INTELSAT 33E (IS-33E),1*41748U*16053B***24190.49205417**.00000047**00000+0**00000+0*0**9996,2*41748***0.0120**59.1684*0001505**37.1031**67.7677**1.00272506*29114
INSAT-3DR,1*41752U*16054A***24189.34982653*-.00000081**00000+0**00000+0*0**9997,2*41752***0.0599**91.0972*0010550*175.2963*219.3266**1.00271542*28704
GSAT-18,1*41793U*16060A***24188.77749850*-.00000081**00000+0**00000+0*0**9995,2*41793***0.0248**50.1658*0002230**66.8198*162.1352**1.00270389*28404
SKY MUSTER 2 (NBN1B),1*41794U*16060B***24189.72176916*-.00000248**00000+0**00000+0*0**9994,2*41794***0.0185**38.9489*0001400**58.3950*233.4384**1.00270208*28464
HIMAWARI-9,1*41836U*16064A***24190.02410551*-.00000278**00000+0**00000+0*0**9999,2*41836***0.0176*143.3095*0000869*316.5734*336.0028**1.00273267*28195
SHIJIAN-17 (SJ-17),1*41838U*16065A***24189.60763383*-.00000053**00000+0**00000+0*0**9999,2*41838***3.9393**81.1806*0003987***1.6198*229.1670**1.00271892*28095
GOES 16,1*41866U*16071A***24190.46516418*-.00000251**00000+0**00000+0*0**9998,2*41866***0.0767*249.1482*0000209*200.4314*289.5636**1.00272762*27995
TIANLIAN 1-04,1*41869U*16072A***24190.54216160**.00000029**00000+0**00000+0*0**9994,2*41869***0.1327*265.3260*0035522*246.8970*146.7084**1.00272577*28203
WGS F8 (USA 272),1*41879U*16075A***24189.35535698*-.00000205**00000+0**00000+0*0**9992,2*41879***0.0121**20.7069*0000502*278.8643*263.9323**1.00279470*27708
FENGYUN 4A,1*41882U*16077A***24190.49736255*-.00000201**00000+0**00000+0*0**9993,2*41882***0.5112**85.9397*0008015*344.2633*122.4990**1.00267632*27872
ECHOSTAR 19,1*41893U*16079A***24189.60213507*-.00000142**00000+0**00000+0*0**9992,2*41893***0.0182**35.9228*0001324**85.8584*283.9274**1.00272647*27626
JCSAT-110A (JCSAT-15),1*41903U*16082A***24189.79653212*-.00000354**00000+0**00000+0*0**9994,2*41903***0.0183**29.5659*0000521*115.3660*178.1125**1.00272033*27661
STAR ONE D1,1*41904U*16082B***24189.84354890*-.00000214**00000+0**00000+0*0**9996,2*41904***0.0457**71.9841*0001934**33.5476**40.4433**1.00270396*27679
TJS-2,1*41911U*17001A***24189.77779409*-.00000009**00000+0**00000+0*0**9997,2*41911***0.1571*267.1005*0001460*181.3204*184.2297**1.00272351*27613
SBIRS GEO-4 (USA 273),1*41937U*17004A***24189.60222209*-.00000148**00000+0**00000+0*0**9995,2*41937***1.4150***0.6068*0001648*106.9411*298.4854**1.00271818*27487
HISPASAT 36W-1,1*41942U*17006A***24189.68581480*-.00000248**00000+0**00000+0*0**9991,2*41942***0.0107**57.7797*0001022**53.8628**25.3895**1.00269017*27411
TELKOM 3S,1*41944U*17007A***24190.07420429*-.00000366**00000+0**00000+0*0**9995,2*41944***0.0144**56.6632*0002047**52.0750*322.4840**1.00272047*27109
INTELSAT 32E (IS-32E),1*41945U*17007B***24189.82757102*-.00000272**00000+0**00000+0*0**9994,2*41945***0.0190**31.8601*0000797*317.1935*191.9612**1.00273071*27139
ECHOSTAR 23,1*42070U*17014A***24189.45572800*-.00000061**00000+0**00000+0*0**9997,2*42070***0.0176**30.1833*0002155**73.4400*236.4308**1.00271949*26803
WGS F9 (USA 275),1*42075U*17016A***24189.83374962*-.00000100**00000+0**00000+0*0**9999,2*42075***0.0093**60.6744*0000467*172.0736*341.6335**1.00272697*26818
SES-10,1*42432U*17017A***24189.89435441*-.00000276**00000+0**00000+0*0**9997,2*42432***0.0207**49.7860*0002293**49.5411**82.0613**1.00272099*26615
CHINASAT 16 (SJ-13),1*42662U*17018A***24188.74773896*-.00000356**00000+0**00000+0*0**9994,2*42662***0.0611**92.4823*0004057*135.3248**77.0726**1.00273831*26619
KOREASAT 7,1*42691U*17023A***24189.57294215*-.00000366**00000+0**00000+0*0**9998,2*42691***0.0238**17.3871*0000278**93.6699*137.1215**1.00271840*26262
SGDC,1*42692U*17023B***24189.41389209*-.00000253**00000+0**00000+0*0**9995,2*42692***0.0130**23.4743*0002056**90.7288*245.7999**1.00272208*26330
GSAT-9,1*42695U*17024A***24190.42791351*-.00000289**00000+0**00000+0*0**9996,2*42695***0.0391*101.0600*0002452***0.5815**76.5973**1.00271404*26320
INMARSAT 5-F4,1*42698U*17025A***24190.49100990**.00000073**00000+0**00000+0*0**9990,2*42698***0.0255**52.3242*0000255*123.3845*344.4804**1.00269842*26152
SES-15,1*42709U*17026A***24189.73891263**.00000057**00000+0**00000+0*0**9991,2*42709***0.0201**34.8418*0000137**41.3392*346.8497**1.00269184*27076
QZS-2 (MICHIBIKI-2),1*42738U*17028A***24190.52281833*-.00000164**00000+0**00000+0*0**9990,2*42738**40.5387*253.4540*0757291*269.4560**93.8823**1.00278806*26024
VIASAT-2,1*42740U*17029A***24190.31993667*-.00000268**00000+0**00000+0*0**9991,2*42740***0.0128**66.5874*0000159*249.2222**16.1895**1.00270063*26067
EUTELSAT 172B,1*42741U*17029B***24190.08490807*-.00000009**00000+0**00000+0*0**9997,2*42741***0.0051*125.9355*0000104*189.3666*173.7775**1.00271315*26601
GSAT-19,1*42747U*17031A***24189.55942128**.00000121**00000+0**00000+0*0**9998,2*42747***0.0250*287.9134*0006178*147.7232**99.6429**1.00273500*26011
ECHOSTAR 21,1*42749U*17032A***24189.90466082**.00000064**00000+0**00000+0*0**9996,2*42749***2.4958*320.6058*0002057*142.4005*159.2549**1.00271495*26002
BULGARIASAT-1,1*42801U*17038A***24189.83653434**.00000008**00000+0**00000+0*0**9990,2*42801***0.0294**61.0377*0002721**61.9536*106.3419**1.00273942*25793
HELLAS-SAT 3,1*42814U*17040A***24189.70078269**.00000149**00000+0**00000+0*0**9996,2*42814***0.0701**38.7302*0003576**21.4382*157.2508**1.00274587*25743
GSAT-17,1*42815U*17040B***24189.42535330*-.00000262**00000+0**00000+0*0**9990,2*42815***0.0658**99.9460*0001613*157.0118*275.5068**1.00272124*25674
INTELSAT 35E (IS-35E),1*42818U*17041A***24190.52236609*-.00000240**00000+0**00000+0*0**9990,2*42818***0.0223**54.1407*0001067**49.8165*336.5646**1.00268742*25707
COSMOS 2520,1*42907U*17046A***24189.84509961**.00000134**00000+0**00000+0*0**9992,2*42907***0.0360*102.8187*0001002***3.7777*168.9069**1.00268242*25285
TDRS 13,1*42915U*17047A***24189.83383664*-.00000100**00000+0**00000+0*0**9995,2*42915***3.6236*345.0857*0017508*118.0726*111.8393**1.00272253*25264
QZS-3 (MICHIBIKI-3),1*42917U*17048A***24190.02966010*-.00000351**00000+0**00000+0*0**9991,2*42917***0.0663*213.7694*0001978*259.1534*311.2466**1.00273986*25259
AMAZONAS 5,1*42934U*17053A***24181.05465904*-.00000279**00000+0**00000+0*0**9994,2*42934***0.0366**40.3555*0004889**35.4242*160.5076**1.00269263*24842
ASIASAT 9,1*42942U*17057A***24189.93191874*-.00000363**00000+0**00000+0*0**9998,2*42942***0.0137**90.1971*0002462**24.8058*268.9550**1.00270936*24832
INTELSAT 37E (IS-37E),1*42950U*17059A***24190.54111566*-.00000143**00000+0**00000+0*0**9994,2*42950***0.0232**50.9437*0002458**61.4408*351.3831**1.00268293*24943
BSAT-4A,1*42951U*17059B***24189.57172384*-.00000354**00000+0**00000+0*0**9995,2*42951***0.0474**52.2897*0003347**25.0233*164.3476**1.00270168*24689
QZS-4 (MICHIBIKI-4),1*42965U*17062A***24176.78903547*-.00000324**00000+0**00000+0*0**9993,2*42965**40.5115*352.6916*0746082*271.6310**68.9097**1.00249876*24566
SES-11 (ECHOSTAR 105),1*42967U*17063A***24189.67215225*-.00000093**00000+0**00000+0*0**9990,2*42967***0.0307*304.3000*0002047*165.2012*313.6419**1.00271576*24697
KOREASAT 5A,1*42984U*17067A***24189.57242002*-.00000362**00000+0**00000+0*0**9994,2*42984***0.0123**15.0413*0001014**73.3301*156.8256**1.00268641*24414
ALCOMSAT 1,1*43039U*17078A***24189.83122597*-.00000189**00000+0**00000+0*0**9990,2*43039***0.0499*195.1195*0001477*290.3927**75.1790**1.00271141*24164
SBIRS GEO-3 (USA 282),1*43162U*18009A***24189.80442301**.00000127**00000+0**00000+0*0**9998,2*43162***2.3364*336.5108*0001434*133.5698*306.3508**1.00272591*23725
AL YAH 3,1*43174U*18012A***24189.83218322*-.00000159**00000+0**00000+0*0**9998,2*43174***0.0770*267.4921*0002077*220.9636**77.2911**1.00270877*23723
SES-14,1*43175U*18012B***24189.68346519*-.00000282**00000+0**00000+0*0**9999,2*43175***0.0105***9.7937*0000865*103.1991**11.6667**1.00271954*23928
GOES 17,1*43226U*18022A***24190.50800374*-.00000093**00000+0**00000+0*0**9994,2*43226***0.0172*139.1439*0000947**18.2121*207.7439**1.00271865*23337
HISPASAT 30W-6,1*43228U*18023A***24189.97349766*-.00000219**00000+0**00000+0*0**9999,2*43228***0.0406**44.1737*0005135**38.8857*163.8198**1.00274901*23386
SUPERBIRD-B3,1*43271U*18033A***24189.40188253*-.00000096**00000+0**00000+0*0**9991,2*43271***0.0431*266.4396*0001158*214.5910*111.4741**1.00271230*22942
HYLAS 4,1*43272U*18033B***24189.82948552*-.00000237**00000+0**00000+0*0**9991,2*43272***0.0789*266.2332*0000803*219.4394**65.7174**1.00272298*22950
IRNSS-1I,1*43286U*18035A***24188.79146674**.00000062**00000+0**00000+0*0**9993,2*43286**29.1489**85.3235*0018322*180.4236*359.4206**1.00271341*22950
USA 283,1*43339U*18036A***24178.48510830*-.00000313**00000+0**00000+0*0**9997,2*43339***0.0110*111.2886*0000138*102.4144**10.0948**1.00269846***177
COSMOS 2526,1*43432U*18037A***24189.88572995*-.00000348**00000+0**00000+0*0**9996,2*43432***0.0311*101.9269*0001139**10.7248*260.5794**1.00273115*22857
APSTAR-6C,1*43450U*18041A***24189.59493816*-.00000322**00000+0**00000+0*0**9995,2*43450***0.0285*331.3460*0001934*328.0784*334.7589**1.00269205*22729
BANGABANDHUSAT-1,1*43463U*18044A***24190.50386331*-.00000365**00000+0**00000+0*0**9995,2*43463***0.0314**97.2767*0001393**21.2884*108.8499**1.00270894*22621
SES-12,1*43488U*18049A***24189.42570138*-.00000273**00000+0**00000+0*0**9994,2*43488***0.0120**17.2328*0000842*239.0723*277.8119**1.00270263*22308
FENGYUN 2H,1*43491U*18050A***24189.93261418*-.00000129**00000+0**00000+0*0**9994,2*43491***1.1958**87.1386*0001568**52.5195*201.4696**1.00267963*22407
BEIDOU-2 IGSO-7,1*43539U*18057A***24190.16330608*-.00000097**00000+0**00000+0*0**9993,2*43539**55.1457*169.1850*0075568*233.7446**51.2410**1.00247030*22029
TELSTAR 19V,1*43562U*18059A***24190.17063160*-.00000283**00000+0**00000+0*0**9995,2*43562***0.0319*153.1473*0003003*339.0248*152.8469**1.00271800*22057
TELKOM 4 (MERAH PUTIH),1*43587U*18064A***24190.07228979*-.00000347**00000+0**00000+0*0**9999,2*43587***0.0154**66.8504*0001036**64.7669*288.9068**1.00271499*21755
TELSTAR 18V,1*43611U*18069A***24190.14971935*-.00000297**00000+0**00000+0*0**9991,2*43611***0.0190**35.6913*0001927**72.5100**10.2687**1.00270600*21506
AZERSPACE 2 (IS-38),1*43632U*18074A***24189.84509961**.00000133**00000+0**00000+0*0**9999,2*43632***0.0183**31.7483*0001175**74.0558*169.8308**1.00272044*21335
HORIZONS-3E,1*43633U*18074B***24189.79815738*-.00000034**00000+0**00000+0*0**9997,2*43633***0.0574*218.4795*0000956**63.6104*100.4701**1.00271085*21205
AEHF-4 (USA 288),1*43651U*18079A***24190.17619146*-.00000276**00000+0**00000+0*0**9999,2*43651***1.6415*334.7249*0046877***9.7271*297.9811**1.00276588*21184
BEIDOU-3 G1,1*43683U*18085A***24190.50795337*-.00000283**00000+0**00000+0*0**9993,2*43683***2.2435*108.7840*0003735***2.7316*138.1891**1.00266561*20940
GSAT-29,1*43698U*18089A***24189.56090066**.00000081**00000+0**00000+0*0**9999,2*43698***0.0630*262.2263*0002616*177.4223*103.3310**1.00273623*20709
ES'HAIL 2,1*43700U*18090A***24189.55507014**.00000141**00000+0**00000+0*0**9997,2*43700***0.0230**75.2978*0001981**75.7473***0.5752**1.00274259*20563
GEO-KOMPSAT-2A,1*43823U*18100A***24190.50813427*-.00000346**00000+0**00000+0*0**9998,2*43823***0.0376*127.2219*0002068*330.3018*140.6084**1.00271510*20558
GSAT-11,1*43824U*18100B***24190.14841274*-.00000079**00000+0**00000+0*0**9993,2*43824***0.0586*255.9106*0007458*196.7115*321.3607**1.00271639*20524
GSAT-7A,1*43864U*18105A***24189.76785627**.00000023**00000+0**00000+0*0**9995,2*43864***0.0743*102.7620*0001777*357.5017*165.1568**1.00273760*20335
COSMOS 2533,1*43867U*18107A***24190.14841274*-.00000042**00000+0**00000+0*0**9997,2*43867***0.0398*110.4682*0001116*350.9768*308.5506**1.00275273*20319
TJS-3,1*43874U*18110A***24189.61142703*-.00000003**00000+0**00000+0*0**9997,2*43874***0.7065**88.7503*0002040**84.9022*145.4656**1.00270253*20304
ZHONGXING-2D,1*43920U*19001A***24189.61192021*-.00000341**00000+0**00000+0*0**9992,2*43920***0.0190*252.3980*0002379**18.5072***5.4511**1.00271265*46968
HELLAS-SAT 4 & SGS-1,1*44034U*19007A***24189.77236331**.00000149**00000+0**00000+0*0**9990,2*44034***0.0689*122.5948*0005989**22.1245**98.5409**1.00271420*20237
GSAT-31,1*44035U*19007B***24189.55942128**.00000122**00000+0**00000+0*0**9996,2*44035***0.0782*265.4295*0001085*349.9934*279.8436**1.00271303*19841
NUSANTARA SATU,1*44048U*19009A***24189.58178096*-.00000238**00000+0**00000+0*0**9999,2*44048***0.0342*114.2223*0004733**12.1210*155.1107**1.00272279*19640
ZHONGXING-6C,1*44067U*19012A***24189.89560726*-.00000338**00000+0**00000+0*0**9994,2*44067***0.0494*100.2027*0005205*304.6589*334.2986**1.00273603*19624
WGS 10 (USA 291),1*44071U*19014A***24190.13431635**.00000043**00000+0**00000+0*0**9998,2*44071***0.0174**47.3962*0000230*198.5635*149.2757**1.00273621*19505
TIANLIAN 2-01,1*44076U*19017A***24190.14841274*-.00000110**00000+0**00000+0*0**9997,2*44076***0.0649*253.4277*0002200*177.2049*346.4531**1.00271621*19507
ARABSAT-6A,1*44186U*19021A***24189.34103723**.00000150**00000+0**00000+0*0**9997,2*44186***0.0448*359.4664*0002778*168.6735*270.9102**1.00277179*19047
BEIDOU-3 IGSO-1,1*44204U*19023A***24190.50342819*-.00000214**00000+0**00000+0*0**9993,2*44204**57.6737**44.9983*0022425*206.0803*334.6317**1.00295344*19254
BEIDOU-2 G8,1*44231U*19027A***24189.79328411*-.00000251**00000+0**00000+0*0**9999,2*44231***1.5262**73.8633*0001571*195.4899**86.9885**1.00274245*18964
YAMAL 601,1*44307U*19031A***24190.13205376**.00000117**00000+0**00000+0*0**9992,2*44307***0.0158**67.3478*0002300**34.4326*281.3127**1.00271422*18806
AT&T T-16,1*44333U*19034A***24190.17383850*-.00000118**00000+0**00000+0*0**9994,2*44333***0.0146*326.9465*0000824*324.7637*316.6212**1.00268648*18523
EUTELSAT 7C,1*44334U*19034B***24184.54217117**.00000050**00000+0**00000+0*0**9995,2*44334***0.0775*187.7983*0003092*258.6230**36.8118**1.00270770*18956
BEIDOU-3 IGSO-2,1*44337U*19035A***24189.61776022*-.00000115**00000+0**00000+0*0**9990,2*44337**55.1825*165.0890*0035316*205.3628*255.5100**1.00291282*18587
COSMOS 2539,1*44457U*19048A***24189.76696791**.00000078**00000+0**00000+0*0**9994,2*44457***0.0362*101.9869*0000938**12.8999**99.4026**1.00273660*18104
EDRS-C,1*44475U*19049A***24189.12010547**.00000151**00000+0**00000+0*0**9996,2*44475***0.0668*241.9394*0000641*213.7535*264.2959**1.00273042*18099
INTELSAT 39 (IS-39),1*44476U*19049B***24189.76785627**.00000030**00000+0**00000+0*0**9991,2*44476***0.0211**34.6680*0001050*308.3988*281.5214**1.00269446*18018
AMOS-17,1*44479U*19050A***24189.76792515**.00000106**00000+0**00000+0*0**9994,2*44479***0.0140**52.6498*0001382**64.2069*102.7858**1.00270770*18060
AEHF-5 (USA 292),1*44481U*19051A***24189.84692708**.00000082**00000+0**00000+0*0**9993,2*44481***2.6701*308.1294*0044008***2.2500*335.4355**1.00277300*18143
EUTELSAT 5 WEST B,1*44624U*19067A***24190.12134998*-.00000045**00000+0**00000+0*0**9994,2*44624***0.0671*336.2295*0002827*131.3468*217.6577**1.00272019*17332
MEV-1,1*44625U*19067B***24188.68573926*-.00000206**00000+0**00000+0*0**9990,2*44625***0.0162*340.3349*0000556*108.6165**55.5608**1.00271614*15862
TJS-4,1*44637U*19070A***24190.49675339*-.00000173**00000+0**00000+0*0**9993,2*44637***0.0465*105.8618*0002577*299.8769*143.6037**1.00271974*17420
BEIDOU-3 IGSO-3,1*44709U*19073A***24175.72519622*-.00000189**00000+0**00000+0*0**9994,2*44709**56.0384*288.6583*0039278*182.0502*177.9480**1.00247548*17183
TIBA-1,1*44800U*19080A***24189.84288699**.00000153**00000+0**00000+0*0**9999,2*44800***0.0524*351.7103*0002090*142.0646*131.4406**1.00274958*16960
INMARSAT GX5,1*44801U*19080B***24190.33924792**.00000072**00000+0**00000+0*0**9997,2*44801***0.0387**28.3785*0001889**76.0817*315.4359**1.00271260*16988
JCSAT-18 (KACIFIC 1),1*44868U*19091A***24190.23174421*-.00000202**00000+0**00000+0*0**9993,2*44868***0.0346*207.9380*0001233**39.4725*272.6491**1.00280085*16982
ELEKTRO-L 3,1*44903U*19095A***24190.14841274*-.00000100**00000+0**00000+0*0**9991,2*44903***0.0747*147.4126*0000364**28.8358*239.7990**1.00271457*16588
SHIJIAN-20 (SJ-20),1*44910U*19097A***24189.42126323*-.00000074**00000+0**00000+0*0**9991,2*44910***3.0936**83.7352*0006578**77.0222*349.7785**1.00270649*16587
TJS-5,1*44978U*20002A***24189.87688278*-.00000345**00000+0**00000+0*0**9995,2*44978***0.1738*267.2285*0001306*326.2469*116.0636**1.00270779*16572
GSAT-30,1*45026U*20005A***24189.35147997*-.00000169**00000+0**00000+0*0**9998,2*45026***0.0167**55.9539*0003434**36.4939**42.8806**1.00271321*16391
EUTELSAT KONNECT,1*45027U*20005B***24189.76601066**.00000046**00000+0**00000+0*0**9999,2*45027***0.0597**88.8618*0000473*125.2102*355.0776**1.00271278*17208
JCSAT-17,1*45245U*20013A***24189.79163069*-.00000316**00000+0**00000+0*0**9990,2*45245***5.5785*350.1168*0003503*128.6616*228.4445**1.00272112*16133
GEO-KOMPSAT-2B,1*45246U*20013B***24189.64691568*-.00000347**00000+0**00000+0*0**9999,2*45246***0.0494*214.0553*0000411**37.1213**36.0543**1.00271510*16132
BEIDOU-3 G2,1*45344U*20017A***24190.13823237*-.00000145**00000+0**00000+0*0**9994,2*45344***2.3410**30.4599*0001694*134.3207*251.6069**1.00272225*16166
AEHF-6 (USA 298),1*45465U*20022B***24189.79197877*-.00000297**00000+0**00000+0*0**9996,2*45465***4.1734*298.4682*0041313***6.2606**44.3091**1.00275991*15872
BEIDOU-3 G3,1*45807U*20040A***24189.79154255*-.00000357**00000+0**00000+0*0**9996,2*45807***0.8115**44.8791*0004437**15.1903*261.6548**1.00268167*14975
APSTAR-6D,1*45863U*20045A***24189.62618958*-.00000321**00000+0**00000+0*0**9991,2*45863***0.0163**56.3587*0002947*166.8695**62.2656**1.00268950*14749
KOREASAT 116,1*45920U*20048A***24190.50325416*-.00000364**00000+0**00000+0*0**9998,2*45920***0.0345*285.1535*0000887*216.0089**83.1331**1.00271162*14523
EXPRESS 103,1*45985U*20053A***24189.83625670*-.00000283**00000+0**00000+0*0**9994,2*45985***0.0228**44.6949*0000372*247.4855**31.6487**1.00269094*14520
EXPRESS 80,1*45986U*20053B***24188.98497378*-.00000139**00000+0**00000+0*0**9992,2*45986***0.0190***8.3356*0001142**21.2200*330.4508**1.00269456*14511
BSAT-4B,1*46112U*20056A***24189.57172385*-.00000353**00000+0**00000+0*0**9999,2*46112***0.0525*127.5517*0004090***2.3158*111.7925**1.00270802*14289
MEV-2,1*46113U*20056B***24188.40474618*-.00000015**00000+0**00000+0*0**9990,2*46113***0.0284*281.4317*0000690*167.0507*341.0996**1.00270417*73428
GALAXY 30 (G-30),1*46114U*20056C***24189.73969582**.00000033**00000+0**00000+0*0**9996,2*46114***0.0187**34.7947*0001684**71.0448*321.6337**1.00272516*14296
GAOFEN-13 01,1*46610U*20071A***24189.85763623*-.00000366**00000+0**00000+0*0**9995,2*46610***0.6714**87.5744*0014425*277.6677*347.4650**1.00272328*13783
TIANTONG-1 2,1*46916U*20082A***24190.52479958*-.00000356**00000+0**00000+0*0**9996,2*46916***2.2979*293.6782*0001348*254.0381**53.1011**1.00273241*13547
LUCAS (JDRS-1),1*47202U*20089A***24189.76716354*-.00000239**00000+0**00000+0*0**9990,2*47202***0.0178**48.2665*0002651**56.0303*188.8283**1.00274193*13284
SXM-7,1*47240U*20096A***24186.31292944*-.00000206**00000+0**00000+0*0**9996,2*47240***0.0292*101.6404*0004498**29.0600*179.5610**1.00269284***304
CMS-01,1*47256U*20099A***24189.12827403*-.00000168**00000+0**00000+0*0**9999,2*47256***0.0396**86.2524*0004799*185.5633*142.9281**1.00271061*13077
TURKSAT 5A,1*47306U*21001A***24190.12822477**.00000151**00000+0**00000+0*0**9998,2*47306***0.0280**81.8035*0000190*192.5645**89.2856**1.00270509*12880
TIANTONG-1 3,1*47321U*21003A***24190.13858046*-.00000155**00000+0**00000+0*0**9994,2*47321***2.8326*312.6991*0002959*178.5442*286.7509**1.00270983*12861
TJS-6,1*47613U*21010A***24190.17306424**.00000039**00000+0**00000+0*0**9998,2*47613***0.4337**87.4013*0002056**83.0706*356.8779**1.00271337*12697
SBIRS GEO-5 (USA 315),1*48618U*21042A***24190.12648431**.00000118**00000+0**00000+0*0**9999,2*48618***6.1139*325.7072*0001417*144.0143*243.2771**1.00272564*11628
FENGYUN 4B,1*48808U*21047A***24190.54299171*-.00000331**00000+0**00000+0*0**9992,2*48808***0.0527**49.7464*0005358**71.6902*105.5268**1.00264991*11454
SXM-8,1*48838U*21049A***24184.30926560*-.00000203**00000+0**00000+0*0**9991,2*48838***0.0120**17.2243*0005202**16.8078*272.9593**1.00271884*11453
TIANLIAN 1-05,1*49011U*21063A***24190.48335191**.00000106**00000+0**00000+0*0**9992,2*49011***0.2514*285.9759*0002478*205.2545*346.4778**1.00272616*10968
STAR ONE D2,1*49055U*21069A***24187.26924383*-.00000267**00000+0**00000+0*0**9994,2*49055***0.0165**27.8983*0002466*104.3705*178.3309**1.00267685*10795
EUTELSAT QUANTUM,1*49056U*21069B***24189.48753512**.00000122**00000+0**00000+0*0**9994,2*49056***0.0267*312.8730*0002154*154.0730**42.1751**1.00270691*10813
ZHONGXING-2E,1*49062U*21071A***24189.86577164*-.00000295**00000+0**00000+0*0**9995,2*49062***0.0163*129.4856*0001383**24.3360*182.2061**1.00273334*10926
TJS-7,1*49115U*21077A***24190.52446775*-.00000127**00000+0**00000+0*0**9992,2*49115***0.3653**86.3869*0001192**46.1018*243.8294**1.00272770*10719
CHINASAT 9B,1*49125U*21080A***24190.56583313*-.00000315**00000+0**00000+0*0**9990,2*49125***0.0234**83.8282*0002472**49.8560**98.4156**1.00273347*10528
SHIJIAN-21 (SJ-21),1*49330U*21094A***24189.56439544*-.00000278**00000+0**00000+0*0**9995,2*49330***9.8485**45.1155*0079782**33.8415*192.1091**1.00307710*10141
SES-17,1*49332U*21095A***24189.53653432*-.00000275**00000+0**00000+0*0**9996,2*49332***0.0143**29.7127*0000808**77.7492*304.5607**1.00268908*10720
SYRACUSE 4A,1*49333U*21095B***24189.84518663**.00000132**00000+0**00000+0*0**9998,2*49333***0.0189**48.9305*0001723**58.5133*168.6018**1.00274245*10870
QZS-1R,1*49336U*21096A***24188.63851399*-.00000316**00000+0**00000+0*0**9999,2*49336**35.9831**90.2329*0757361*271.8947*285.7525**1.00252391**9880
ZHONGXING-1D,1*49505U*21114A***24189.89686767*-.00000339**00000+0**00000+0*0**9997,2*49505***0.0591*226.8081*0001187***9.3360*143.2232**1.00273486**9710
STPSAT-6,1*49817U*21118A***24189.59926333*-.00000049**00000+0**00000+0*0**9998,2*49817***0.0176*302.0154*0000103**84.7538***3.3372**1.00271779**9460
LDPE-1,1*49818U*21118B***24189.73334317**.00000106**00000+0**00000+0*0**9993,2*49818***2.3285**87.8523*0005346**55.4954*249.8755**0.99883428**9511
EXPRESS AMU-7,1*50001U*21123A***24189.80228849*-.00000247**00000+0**00000+0*0**9992,2*50001***0.0188*348.0774*0000559**22.3095*349.6143**1.00268407**9421
EXPRESS AMU-3,1*50002U*21123B***24189.91874342*-.00000324**00000+0**00000+0*0**9996,2*50002***0.0197**27.3381*0000210***0.5225*332.1405**1.00269402**9390
TIANLIAN 2-02,1*50005U*21124A***24189.87827227*-.00000017**00000+0**00000+0*0**9994,2*50005***0.6190*273.5678*0000682*182.1712*317.7199**1.00272098**9492
TURKSAT 5B,1*50212U*21126A***24190.27410382**.00000143**00000+0**00000+0*0**9991,2*50212***0.0651*347.7393*0002809**10.2060**69.4451**1.00271737**9183
INMARSAT 6-F1,1*50319U*21128A***24190.35369368*-.00000174**00000+0**00000+0*0**9992,2*50319***0.0171*316.1388*0000115**29.2755*152.4487**1.00269062**9136
SHIYAN 12 01 (SY-12 01),1*50321U*21129A***24189.44421049*-.00000275**00000+0**00000+0*0**9991,2*50321***1.8363**90.5918*0001868**79.0080**53.6060**1.00444682**9382
SHIYAN 12 02 (SY-12 02),1*50322U*21129B***24189.57355132*-.00000362**00000+0**00000+0*0**9992,2*50322***1.8357**90.5992*0001327*157.8219***2.9467**1.00086341**9389
TJS-9,1*50574U*21135A***24189.79171771*-.00000302**00000+0**00000+0*0**9991,2*50574***0.0727*256.1644*0004756*253.9691*198.3471**1.00271740**9345
USA 324,1*51280U*22006A***24188.29296618*-.00000183**00000+0**00000+0*0**9993,2*51280***1.7875**88.2496*0005868**82.0167**16.3134**1.00106144**9008
USA 325,1*51281U*22006B***24188.35202719*-.00000279**00000+0**00000+0*0**9996,2*51281***0.3795**86.1722*0000859*133.2264*285.5104**1.00374250***278
GOES 18,1*51850U*22021A***24190.49028471**.00000095**00000+0**00000+0*0**9999,2*51850***0.0210*209.0988*0000173*279.0254*198.2808**1.00270878**8692
ZHONGXING-6D,1*52255U*22038A***24189.85761060*-.00000357**00000+0**00000+0*0**9995,2*52255***0.0093**12.5350*0000465*192.5509*154.9118**1.00268653**8339
NILESAT 301,1*52817U*22061A***24189.83479389*-.00000061**00000+0**00000+0*0**9995,2*52817***0.0466**16.1170*0003827**54.2264*149.4376**1.00272236**7611
CMS-02 (GSAT 24),1*52903U*22067A***24190.49631828*-.00000167**00000+0**00000+0*0**9996,2*52903***0.0516*250.9709*0008197*203.2871**94.3724**1.00272190**7494
MEASAT 3D,1*52904U*22067B***24190.42678221*-.00000244**00000+0**00000+0*0**9994,2*52904***0.0291*342.2057*0000764**36.7244*153.0715**1.00271796**7530
SES-22,1*52933U*22071A***24189.73691110**.00000101**00000+0**00000+0*0**9996,2*52933***0.0358*281.0270*0000041*261.2792*230.1679**1.00270021**7451
WFOV (USA 332),1*52940U*22073A***24189.85980644*-.00000367**00000+0**00000+0*0**9997,2*52940***1.8785**87.9352*0001441*312.8125*314.3850**1.00270777**7256
TIANLIAN 2-03,1*53100U*22078A***24188.95511750**.00000069**00000+0**00000+0*0**9997,2*53100***1.1767*278.5525*0002281*179.0662*182.1793**1.00272308**7439
SBIRS GEO-6 (USA 336),1*53355U*22092A***24190.51491459*-.00000291**00000+0**00000+0*0**9991,2*53355***4.5297*311.2120*0002309*140.2861*159.8126**1.00271584**7126
EUTELSAT KONNECT VHTS,1*53765U*22110A***24190.26603477**.00000015**00000+0**00000+0*0**9997,2*53765***0.0494**91.3065*0002689***9.6975*284.1390**1.00277276**6678
ZHONGXING-1E,1*53813U*22112A***24189.93313500*-.00000153**00000+0**00000+0*0**9994,2*53813***0.0317*110.3940*0000890*350.2684*243.0724**1.00271614**6736
SES-20,1*53960U*22123A***24189.41876253*-.00000104**00000+0**00000+0*0**9997,2*53960***0.0188**67.2543*0001959**34.9902*231.2906**1.00270577**6424
SES-21,1*53961U*22123B***24189.44433825**.00000066**00000+0**00000+0*0**9991,2*53961***0.0345**24.7550*0000949**80.9400*209.2399**1.00267378***103
GALAXY 33 (G-33),1*54026U*22128A***24189.73812942**.00000076**00000+0**00000+0*0**9993,2*54026***0.0189**69.3387*0001651**34.9839*314.5587**1.00271969**6635
GALAXY 34 (G-34),1*54027U*22128B***24189.44510236**.00000056**00000+0**00000+0*0**9991,2*54027***0.0164**43.9230*0001506**62.3212*210.8697**1.00271339**6791
ANGOSAT 2,1*54033U*22131A***24189.84071142**.00000132**00000+0**00000+0*0**9999,2*54033***0.0241*133.4719*0001098*303.8307*174.6157**1.00271936**6369
EUTELSAT HOTBIRD 13F,1*54048U*22134A***24189.05161984**.00000083**00000+0**00000+0*0**9990,2*54048***0.0636*290.2325*0001928**63.9564*322.8909**1.00273153**6320
LDPE-2,1*54219U*22144A***24189.81651916*-.00000186**00000+0**00000+0*0**9999,2*54219***3.8688**65.1338*0000388*165.0890*251.4180**1.00631473**4684
EUTELSAT HOTBIRD 13G,1*54225U*22146A***24189.69556133**.00000084**00000+0**00000+0*0**9995,2*54225***0.0557*232.8959*0002055*312.2978***4.3326**1.00271744**6100
ZHONGXING-19,1*54230U*22148A***24189.79702609*-.00000083**00000+0**00000+0*0**9995,2*54230***0.0497*251.5277*0005177*339.6057*145.3689**1.00271772**6254
GALAXY 31 (G-31),1*54243U*22153A***24189.66893241**.00000010**00000+0**00000+0*0**9993,2*54243***0.0151*316.2258*0001097*143.9775*305.7144**1.00271225**6041
GALAXY 32 (G-32),1*54244U*22153B***24190.05952257*-.00000177**00000+0**00000+0*0**9997,2*54244***0.0151**52.2128*0001612*355.3940*169.3086**1.00271610**6059
EUTELSAT 10B,1*54259U*22157A***24189.55176329**.00000064**00000+0**00000+0*0**9992,2*54259***0.0567**91.8314*0000858*277.9784*124.7898**1.00271559**5910
GALAXY 35 (G-35),1*54741U*22170A***24189.82063354*-.00000165**00000+0**00000+0*0**9999,2*54741***0.0158*308.9920*0001725*171.4670***8.1173**1.00271436**5794
GALAXY 36 (G-36),1*54742U*22170B***24189.84910623*-.00000188**00000+0**00000+0*0**9997,2*54742***0.0165**51.8760*0002828**53.8204**37.2581**1.00271488**5805
METEOSAT-12 (MTG-I1),1*54743U*22170C***24189.83601222*-.00000011**00000+0**00000+0*0**9994,2*54743***0.5246**41.2375*0001923**64.4042*121.1840**1.00269067**5855
SHIJIAN-23 (SJ-23),1*55131U*23002A***24189.55507014**.00000123**00000+0**00000+0*0**9997,2*55131***1.8851**87.5266*0001239***9.2684**55.1199**1.00088176**5396
USA 340,1*55138U*22144E***24180.81066094*-.00000260**00000+0**00000+0*0**9991,2*55138***3.8161**65.9592*0001869**59.2036**35.2723**0.99556274**4573
APSTAR-6E,1*55239U*23005A***24187.00076856*-.00000310**00000+0**00000+0*0**9991,2*55239***0.0480**96.1064*0002567*350.0661*333.1108**1.00282100*11718
USA 342,1*55263U*23008A***24178.33660659**.00000144**00000+0**00000+0*0**9991,2*55263***0.0067*325.1735*0001334*314.0915*141.0247**1.00272094***178
LDPE-3A,1*55264U*23008B***24177.84910355*-.00000240**00000+0**00000+0*0**9996,2*55264***0.8072**88.2628*0000431*154.6473**49.0706**1.01378287**4583
ELEKTRO-L 4,1*55506U*23016A***24188.74720737*-.00000062**00000+0**00000+0*0**9990,2*55506***0.0445*199.8133*0000859**16.8370*143.3254**1.00270716**5200
AMAZONAS NEXUS,1*55508U*23017A***24180.65226654*-.00000279**00000+0**00000+0*0**9994,2*55508***0.0472*123.6966*0005483*358.9940*328.3649**1.00270271****15
ZHONGXING-26,1*55686U*23023A***24190.02931289*-.00000357**00000+0**00000+0*0**9994,2*55686***0.0698**79.2799*0002862**12.8292*330.0604**1.00269920**5134
LUCH-5X (OLYMP-K 2),1*55841U*23031A***24189.18243723*-.00000012**00000+0**00000+0*0**9998,2*55841***0.0512*206.8957*0001877*307.6619*196.1881**1.00266887**4821
GAOFEN-13 02,1*55912U*23036A***24190.55238029*-.00000234**00000+0**00000+0*0**9994,2*55912***1.9748*306.2415*0003535*305.8421**20.3384**1.00267173**4981
SES-18,1*55970U*23038A***24189.50049458*-.00000104**00000+0**00000+0*0**9995,2*55970***0.0427*254.6118*0000421*251.3078*217.0951**1.00271912**4980
SES-19,1*55971U*23038B***24189.73778133**.00000085**00000+0**00000+0*0**9997,2*55971***0.0273*302.2160*0001546*170.1567*304.5043**1.00269495**4973
INTELSAT 40E (IS-40E),1*56174U*23052A***24190.46203135*-.00000176**00000+0**00000+0*0**9998,2*56174***0.0188**64.6673*0001918**75.8176*221.7446**1.00269062**4733
VIASAT-3,1*56370U*23060A***24189.38915187*-.00000188**00000+0**00000+0*0**9994,2*56370***0.0192***0.5577*0000452**89.7078*246.7077**1.00266726**4321
ARCTURUS,1*56371U*23060B***24189.99477109*-.00000120**00000+0**00000+0*0**9995,2*56371***0.9383**88.5386*0001176**96.8657*177.1260**1.00271462**4349
GS-1,1*56372U*23060C***24190.19215932*-.00000220**00000+0**00000+0*0**9995,2*56372***0.8913**87.6636*0003255*284.7167**72.2966**1.00262295**4331
BEIDOU-3 G4,1*56564U*23066A***24189.79632991*-.00000113**00000+0**00000+0*0**9997,2*56564***2.0718*288.2126*0005755*206.1227*238.5041**1.00273378**4296
ARABSAT-7B (BADR-8),1*56757U*23075A***24186.86126295**.00000142**00000+0**00000+0*0**9992,2*56757***0.0705**26.0414*0003779***1.5994*231.7437**1.00272213**3991
IRNSS-1J (NVS-01),1*56759U*23076A***24190.00503976*-.00000336**00000+0**00000+0*0**9997,2*56759***3.9451*265.7088*0004649**10.4808*141.5736**1.00277011**4095
NUSANTARA TIGA (SATRIA),1*57045U*23086A***24188.93493959*-.00000239**00000+0**00000+0*0**9997,2*57045***0.0243***4.4266*0002475*338.9812**64.5436**1.00268558**2630
H2SAT (HEINRICH HERTZ),1*57213U*23093A***24189.05674225*-.00000003**00000+0**00000+0*0**9992,2*57213***0.0215**81.8074*0000861*133.6512**90.9629**1.00272231**3794
SYRACUSE 4B,1*57214U*23093B***24189.95987119*-.00000057**00000+0**00000+0*0**9990,2*57214***0.0035*126.2588*0000278*141.5426*357.5798**1.00271952**4501
JUPITER 3 (ECHOSTAR 24),1*57479U*23108A***24189.47034730*-.00000153**00000+0**00000+0*0**9996,2*57479***0.0232**36.8344*0001516**62.9916*260.1911**1.00269886**3525
GALAXY 37 (G-37),1*57493U*23112A***24190.49617130**.00000046**00000+0**00000+0*0**9992,2*57493***0.0102***4.7991*0001718**97.3178*236.4200**1.00269993**3419
LUDI TANCE-4 01A,1*57624U*23120A***24189.06676178*-.00000175**00000+0**00000+0*0**9999,2*57624**15.7243*211.2603*0002126*237.2673*310.6138**1.00270100**3426
TJS-10,1*58204U*23169A***24189.60849505*-.00000003**00000+0**00000+0*0**9993,2*58204***0.7023**88.5583*0000709*343.2567*246.1309**1.00270669**2420
ZHONGXING-6E,1*58253U*23172A***24190.50308010*-.00000363**00000+0**00000+0*0**9992,2*58253***0.0230**51.0947*0002436**53.0886*119.3909**1.00267037**2540
YAOGAN-41,1*58582U*23197A***24190.54666995*-.00000361**00000+0**00000+0*0**9995,2*58582***4.5545*307.7442*0018792*180.1765*119.0243**1.00268373**2210
OVZON-3,1*58698U*24003A***24190.49196715**.00000049**00000+0**00000+0*0**9994,2*58698***0.0175**60.3041*0002276*150.1991*313.2339**1.00271758**2128
INSAT-3DS,1*58990U*24033A***24171.63670715*-.00000142**00000+0**00000+0*0**9999,2*58990***0.0159*349.8168*0010402*105.1251*125.6022**1.00268037***992
MERAH PUTIH 2,1*58995U*24035A***24189.81179368*-.00000361**00000+0**00000+0*0**9996,2*58995***0.0130**62.8136*0000962**39.8829*228.7527**1.00271948**1516
TJS-11,1*59020U*24037A***24189.55708906*-.00000368**00000+0**00000+0*0**9992,2*59020***5.2933*321.4170*0005392*194.4701**90.8680**1.00268784**1461
HULIANWAN GAOGUI-01 (H*),1*59069U*24040A***24189.86507949**.00000153**00000+0**00000+0*0**9998,2*59069***0.0377*105.0846*0002855*266.2487*260.0571**1.00271238**1463
PAKSAT-MM1,1*59915U*24104A***24189.48596870**.00000150**00000+0**00000+0*0**9995,2*59915***0.0386*134.8039*0000233***5.1194*359.1603**1.00271494***481
